names,scores,logfoldchanges,pvals,pvals_adj,feature_type
L1M4c,69.332825,0.39650586,0.0,0.0,TE
L1M5,37.013737,0.12908994,6.884802280037586e-300,3.9212704331512256e-296,TE
L1MEd,34.740818,0.17809558,1.9074044715867802e-264,8.535771253527383e-261,TE
L1MB7,32.27088,0.14824252,1.7924242700855123e-228,7.018573309070465e-225,TE
L1ME1,28.770494,0.12142742,5.0201529735994466e-182,1.497702875947519e-178,TE
L1MEg,27.012737,0.15721896,1.0472279697775919e-160,2.733744980605663e-157,TE
L1MEc,26.293982,0.13470444,2.2471173741492186e-152,5.414775023377796e-149,TE
L1MEf,25.596891,0.17173782,1.6520872218495805e-144,3.338868275358002e-141,TE
L1M4,25.242493,0.12117154,1.3693393628787082e-140,2.5997115279913317e-137,TE
HAL1,24.93457,0.1084798,3.1395779726727116e-137,5.785226457821119e-134,TE
L1ME2,24.509407,0.16309078,1.1726076018897211e-132,2.0406955240553587e-129,TE
L1MC1,23.919725,0.14624105,1.909535869557817e-126,3.2333603179369405e-123,TE
L1MC4,22.436647,0.10029308,1.727887722725672e-111,2.6403388711338068e-108,TE
L1MA3,20.439566,0.12485804,7.439816337134389e-93,9.710665277870971e-90,TE
L1MB3,20.135986,0.10593913,3.5713378047367642e-90,4.387213427540452e-87,TE
MamRep4096,19.5189,0.5365299,7.58543437620377e-85,8.337457001816533e-82,TE
L1MD2,19.177269,0.12467375,5.731319273424256e-82,5.79149812579521e-79,TE
L1M4b,18.886564,0.22276668,1.4711654436780774e-79,1.3554409737040475e-76,TE
L1ME3Cz,18.867792,0.1448981,2.0988518077386287e-79,1.9057270232845336e-76,TE
L1MC5a,18.411587,0.10725855,1.0606798977581122e-75,9.358555539679452e-73,TE
HAL1ME,17.976534,0.17118032,2.975228286870314e-72,2.4853470320094944e-69,TE
L1MDa,17.859764,0.12781024,2.4266479384788313e-71,1.9491271794056057e-68,TE
L1MB8,17.649885,0.10658389,1.0196323410995958e-69,7.886541457065528e-67,TE
L1ME3G,17.587906,0.12245355,3.049421182429209e-69,2.3017986325346067e-66,TE
L1PB3,17.564247,0.19884793,4.6279841358596576e-69,3.451759929711231e-66,TE
L1MC2,17.389902,0.17492396,9.840290969718586e-68,7.16865197143999e-65,TE
L1ME4a,16.792168,0.08494647,2.7848132192883313e-63,1.8560780106556728e-60,TE
L1MA9,16.407005,0.0939822,1.7040738859149994e-60,1.0466856179064768e-57,TE
L1MB1,16.286308,0.16221379,1.234596705250221e-59,7.36654458863158e-57,TE
L1MC3,16.050446,0.12073949,5.675433625041293e-58,3.2621246976372666e-55,TE
LTR37-int,16.000961,0.3016952,1.2581720885820409e-57,7.165976320159403e-55,TE
L1M1,15.785187,0.095962346,3.934800362115562e-56,2.201064084704483e-53,TE
L1MA7,15.766744,0.13113688,5.269756453897703e-56,2.921730191089779e-53,TE
L1M2,15.562344,0.10014207,1.312057033174613e-54,7.086352171157127e-52,TE
L1ME3E,15.259434,0.1875185,1.424803943075184e-52,7.198821922387366e-50,TE
L1MA8,15.05619,0.11392017,3.1439525350024813e-51,1.5757741621635235e-48,TE
L1MC4a,14.918256,0.10259396,2.507412414889491e-50,1.2272804312909493e-47,TE
L1MEi,14.539997,0.15263498,6.75956257407238e-48,3.1139217266780054e-45,TE
L1ME3,14.537539,0.12179447,7.006696229072616e-48,3.204208214946193e-45,TE
L2,14.424979,0.055688217,3.603762072294183e-47,1.5788762069321879e-44,TE
L1MD,14.395181,0.119090304,5.547986627299115e-47,2.413797987409145e-44,TE
L1M8,14.049194,0.23915575,7.791487120536677e-45,3.27613731267613e-42,TE
L1MB4,14.011399,0.099232465,1.3276354379597167e-44,5.508456147259219e-42,TE
L1ME3B,13.553765,0.1049541,7.526757085044723e-42,2.984549735032512e-39,TE
L1MB2,13.337936,0.1000644,1.3926210627695576e-40,5.320067207535095e-38,TE
L1MA6,13.069236,0.1280723,4.935877296679785e-39,1.7875008584640763e-36,TE
L1MD1,12.653894,0.09140846,1.064640030403341e-36,3.5479129013191337e-34,TE
L1M6,12.541374,0.13720647,4.4324245635911895e-36,1.4692901128759345e-33,TE
L1MA4,12.462292,0.08042734,1.1987620105034359e-35,3.891380244562216e-33,TE
L1ME4c,12.197187,0.10644911,3.217450283498073e-34,9.929875749331909e-32,TE
L2c,12.04745,0.037335347,2.000423585408426e-33,6.025410483145351e-31,TE
L1MC,12.044397,0.114337504,2.0758720353698758e-33,6.222749229088904e-31,TE
L1ME3A,11.99084,0.07404932,3.9685837133941185e-33,1.1783684276201654e-30,TE
L2a,11.623219,0.031586725,3.1407794076300818e-31,8.706768613603197e-29,TE
L1ME5,11.581667,0.20895638,5.1043921554067025e-31,1.4026108461771286e-28,TE
L1MA2,11.421527,0.0669649,3.264481569098305e-30,8.59340482292344e-28,TE
L1ME4b,11.412219,0.07247592,3.633411421889335e-30,9.48486912469953e-28,TE
L1MCa,11.369285,0.07204598,5.947329823756975e-30,1.5396948792900754e-27,TE
HAL1M8,11.245574,0.18388589,2.4350727987481413e-29,6.006289209227158e-27,TE
MIR,11.226954,0.03914179,3.006638404353615e-29,7.387015791025816e-27,TE
L1P4,11.076163,0.15625414,1.6373935515670612e-28,3.85655426312887e-26,TE
L1PA15,11.009831,0.07741199,3.4264550715378064e-28,8.010105846526683e-26,TE
HAL1b,10.917545,0.14268295,9.502988638161056e-28,2.1808488687524847e-25,TE
L1M4a2,10.899077,0.1787393,1.164318040423467e-27,2.642959766325023e-25,TE
L1MEh,10.894928,0.19620477,1.2186339640840402e-27,2.756268465120188e-25,TE
L1PA16,10.891412,0.055161595,1.2666088268909834e-27,2.854471568832626e-25,TE
L1ME3F,10.6432495,0.10277629,1.8747432822475588e-26,4.106802146017196e-24,TE
L1ME3C,10.507538,0.1441919,7.974800401303078e-26,1.7169389001444642e-23,TE
L1MC5,10.184432,0.07383999,2.3271549301902696e-24,4.764659592527797e-22,TE
L1ME2z,10.107905,0.0978161,5.0962167429535145e-24,1.0200737225647944e-21,TE
L1M4a1,9.635986,0.13141459,5.634835896980813e-22,1.0352730316180204e-19,TE
Tigger15a,9.373311,0.11321483,7.029220102762843e-21,1.2165405211552345e-18,TE
L1MEg1,9.308084,0.25905114,1.3015923685918272e-20,2.2280345214384307e-18,TE
MIRb,9.206241,0.032981478,3.377476264853131e-20,5.657814584741003e-18,TE
L1PB,9.19174,0.17204918,3.865377967689594e-20,6.440686038662786e-18,TE
L1ME3D,9.015789,0.11800627,1.9545849016455848e-19,3.1318848765472515e-17,TE
BLACKJACK,8.892498,0.19245861,5.975030565601479e-19,9.288874440831224e-17,TE
L1MEj,8.8407755,0.14390665,9.505671887863869e-19,1.4525362181623396e-16,TE
MamRTE1,8.786603,0.09824663,1.5415000783930926e-18,2.332766217666803e-16,TE
L1PB4,8.759324,0.06956887,1.9642511319752747e-18,2.9582283093601667e-16,TE
MER113,8.674631,0.12294559,4.1489415885619865e-18,6.130550459080119e-16,TE
ALR/Alpha,8.565925,0.32533574,1.0721221596578456e-17,1.5476849176203615e-15,TE
L1MD3,8.529446,0.093038954,1.4705076666384435e-17,2.0986053718124174e-15,TE
L1M3d,8.445869,0.29656246,3.0179178935533094e-17,4.2016794210890755e-15,TE
Charlie5,8.263375,0.14963225,1.4160984080856717e-16,1.9038622610509747e-14,TE
L1M,8.140661,0.27532738,3.931257966965435e-16,5.0887860100899063e-14,TE
MER110-int,8.138033,0.21747637,4.017524338988891e-16,5.189730254886454e-14,TE
Charlie1,8.034564,0.13624443,9.391191609978423e-16,1.1697167903712886e-13,TE
L1M7,8.029313,0.09260982,9.801985469129716e-16,1.2136446474830944e-13,TE
L2b,7.8957014,0.032990493,2.8868702852933697e-15,3.498361900269147e-13,TE
L1MA4A,7.872577,0.05546251,3.4740877117938394e-15,4.1856744082999195e-13,TE
L1MCb,7.792548,0.15683228,6.5671068215679085e-15,7.807131109640437e-13,TE
L1MA5,7.779644,0.07356304,7.272889925369846e-15,8.606926126224573e-13,TE
L1M3c,7.7795014,0.20376875,7.281082260297559e-15,8.606926126224573e-13,TE
MIRc,7.7723503,0.036397357,7.704312059602104e-15,9.072985993348335e-13,TE
L1MEg2,7.7222524,0.2537611,1.1429189660566493e-14,1.3384115166806569e-12,TE
MIR3,7.6448073,0.038044844,2.0925855512884983e-14,2.4099738487826416e-12,TE
Arthur1,7.567544,0.16831312,3.80346163741475e-14,4.316860055175208e-12,TE
Charlie7,7.389421,0.113933936,1.474696958810776e-13,1.6040145688620473e-11,TE
L1PA14,7.284499,0.08483579,3.22867681510145e-13,3.440133182702737e-11,TE
L1M3b,7.277142,0.3855182,3.409660939272821e-13,3.614529061021683e-11,TE
L1MB5,7.1190114,0.05225443,1.0870387007889441e-12,1.0896649862900502e-10,TE
L1M3a,7.0824904,0.24362357,1.4158641109735538e-12,1.4057892617528387e-10,TE
Tigger18a,6.9851656,0.15140326,2.8452058316028236e-12,2.755100317708632e-10,TE
MER3,6.8961577,0.08133071,5.342778342133807e-12,5.102597651113189e-10,TE
Charlie15b,6.8460116,0.14063458,7.59372559688425e-12,7.132751159975939e-10,TE
Charlie1a,6.8318386,0.068754196,8.383309267080805e-12,7.839144908834022e-10,TE
AluYb9,6.8290462,0.12824386,8.548104628240329e-12,7.981330895139863e-10,TE
LTR24C,6.7895217,0.26494673,1.1250590609311343e-11,1.0411532529748375e-09,TE
L3,6.742808,0.031647522,1.5535466918642786e-11,1.4105978810433177e-09,TE
MLT1-int,6.739745,0.36571923,1.586648875905331e-11,1.4364904439934234e-09,TE
HERVK11-int,6.634845,0.23461492,3.2484385877827264e-11,2.8704926087895005e-09,TE
LTR81A,6.5901146,0.26805848,4.3948711042577254e-11,3.829528088356756e-09,TE
Looper,6.5769997,0.13069995,4.8003629090906e-11,4.159716965663004e-09,TE
L1MA10,6.575601,0.0899567,4.845700082932072e-11,4.187420081321065e-09,TE
L1M2c,6.5466957,0.15778027,5.882395490758001e-11,5.04155895884377e-09,TE
Charlie14a,6.438269,0.1959428,1.2084366694788754e-10,1.0054417766204652e-08,TE
HSMAR2,6.4302015,0.101106964,1.2743482532006966e-10,1.0574727471692296e-08,TE
L1M3,6.3550444,0.053097237,2.0836645720786073e-10,1.682263777130114e-08,TE
Charlie2b,6.2731175,0.08974686,3.5388953167245035e-10,2.761087552778417e-08,TE
L1MCc,6.2525144,0.11068834,4.0389715826164265e-10,3.131752581961655e-08,TE
L1MEb,6.239905,0.124273516,4.378376316546832e-10,3.37819771684699e-08,TE
MER92-int,6.197345,0.18072972,5.742366162506142e-10,4.392734828414802e-08,TE
Tigger14a,6.184932,0.1472222,6.212913391418908e-10,4.741111289717247e-08,TE
L5,6.16714,0.17727117,6.953619496210705e-10,5.28702930894535e-08,TE
MER31-int,6.146206,0.1377447,7.935819549393675e-10,6.004674282476608e-08,TE
Tigger20a,6.085518,0.1328405,1.1611539435436966e-09,8.722716512824477e-08,TE
MER67C,6.0525703,0.15589866,1.4255259211227463e-09,1.0619574849495978e-07,TE
MARNA,6.0496116,0.09205265,1.451954289506489e-09,1.08036090489158e-07,TE
L1PBa1,6.0017457,0.13819169,1.9520754520868637e-09,1.4287322330454916e-07,TE
Kanga1a,5.9658155,0.1499337,2.4341548067668794e-09,1.7650721388744416e-07,TE
MER75,5.9548044,0.22458489,2.6038290982508697e-09,1.8815743579528863e-07,TE
L1P4d,5.947434,0.36530912,2.7237860165524967e-09,1.963727476674689e-07,TE
Cheshire,5.9242578,0.12726371,3.1371129436218426e-09,2.2513546738929214e-07,TE
Charlie24,5.918885,0.13314086,3.2413104987941063e-09,2.3102541986342383e-07,TE
MER57B1,5.870153,0.16198342,4.3539281992839345e-09,3.0718238244745245e-07,TE
MERX,5.7252593,0.24519804,1.0327591388624765e-08,6.994961384743028e-07,TE
ORSL,5.666286,0.15130866,1.4592607675002972e-08,9.72597301538948e-07,TE
HUERS-P1-int,5.6645255,0.15490685,1.4743206400577385e-08,9.81590461426752e-07,TE
UCON132b,5.6035924,0.15912229,2.0995433863111544e-08,1.3673439989166334e-06,TE
MLT1D-int,5.599868,0.13620906,2.145150734572523e-08,1.3941477040633106e-06,TE
Tigger12,5.47271,0.12349222,4.432048738720378e-08,2.7684176024882393e-06,TE
Zaphod3,5.4186964,0.14075156,6.003513582122018e-08,3.6911298276106633e-06,TE
MER47B,5.3893332,0.14317429,7.071963054696349e-08,4.305787729249572e-06,TE
MamGypLTR1b,5.3704824,0.18046835,7.85262124571136e-08,4.753377523333936e-06,TE
L1PA13,5.367344,0.016387079,7.990464273427176e-08,4.832148428518205e-06,TE
LTR85c,5.351639,0.20913793,8.716132027475281e-08,5.2406371175945664e-06,TE
LTR86A1,5.3446884,0.18440838,9.057261493872188e-08,5.435311205484545e-06,TE
MSTD-int,5.3390894,0.15001427,9.34145819353669e-08,5.600494710844662e-06,TE
MER20B,5.3386507,0.08482223,9.364083675182204e-08,5.6086922211648206e-06,TE
LTR85b,5.2739515,0.16979083,1.3351734000216981e-07,7.8618372824022e-06,TE
Arthur1A,5.1976285,0.12863375,2.0184694647168052e-07,1.1485842909534293e-05,TE
MER47C,5.1823525,0.25398514,2.1910451913052818e-07,1.241149839787226e-05,TE
MamRep1527,5.178271,0.1449143,2.2395206090389893e-07,1.2651776887006467e-05,TE
MLT1J1,5.1484914,0.09431557,2.6258980590738135e-07,1.471512873873287e-05,TE
MER11B,5.1402826,0.13857983,2.74325348830531e-07,1.5356837359551913e-05,TE
MamGypsy2-LTR,5.1230063,0.16357023,3.007023944212686e-07,1.6686718966241718e-05,TE
Kanga11a,5.0436854,0.11187632,4.5664975753392205e-07,2.4834690936855686e-05,TE
MLT1A-int,5.035336,0.14866672,4.770118613515758e-07,2.5874692749383184e-05,TE
LTR41C,5.02759,0.14182197,4.966824699562998e-07,2.689511964151438e-05,TE
LTR54,5.017273,0.11339458,5.241009249311365e-07,2.833084300937069e-05,TE
Tigger1,4.989395,0.023248235,6.056861597869946e-07,3.232269471619676e-05,TE
MER44D,4.9852114,0.13151549,6.189404715112049e-07,3.297384309578954e-05,TE
MER135,4.953064,0.14912358,7.305397172792501e-07,3.846138136744731e-05,TE
MER5B,4.9229946,0.041966684,8.522979182495686e-07,4.4349930960343623e-05,TE
MER102a,4.8964505,0.10161667,9.758319034498012e-07,5.048459503140668e-05,TE
MER6A,4.8424897,0.096508205,1.2822214662252052e-06,6.515203331749824e-05,TE
LTR25-int,4.8295326,0.1105774,1.3685399512372652e-06,6.93692528195517e-05,TE
HERVK9-int,4.812682,0.11702007,1.489181131866406e-06,7.493870449201783e-05,TE
Tigger17c,4.81147,0.11948156,1.4982435615750514e-06,7.521350751301165e-05,TE
LTR80B,4.8026834,0.2794947,1.565532672583033e-06,7.84030275539565e-05,TE
MER34,4.7637696,0.114396505,1.9000926815725793e-06,9.388226072019216e-05,TE
LTR78B,4.754833,0.10252398,1.9861050378666014e-06,9.774663529252195e-05,TE
MER113B,4.754429,0.13295141,1.99008352697401e-06,9.786555969265988e-05,TE
MER6,4.750139,0.10733054,2.032767337195701e-06,9.980217747758286e-05,TE
MER65A,4.745243,0.09780532,2.0825631750912734e-06,0.00010201303008807144,TE
LTR84b,4.7119985,0.10916457,2.4529941049194024e-06,0.0001188573346228194,TE
MER58A,4.7081747,0.051336765,2.4994511037326404e-06,0.000120734858211221,TE
LTR33C,4.684169,0.18707512,2.8109836999555083e-06,0.00013464139127363343,TE
MER57A-int,4.6738772,0.0965357,2.9556593125866467e-06,0.00014092466635682343,TE
Charlie17,4.651554,0.12682883,3.2944317128461355e-06,0.0001556556872108018,TE
MER34A1,4.6384144,0.11808488,3.510919576617736e-06,0.0001653854303719382,TE
MLT1C-int,4.6282697,0.14661634,3.6873402155211384e-06,0.00017317507634378922,TE
L1MEa,4.6169295,0.14888388,3.894594381298816e-06,0.000181547792100262,TE
MER45A,4.5962005,0.0954712,4.302644227954191e-06,0.00019908786080174152,TE
L1M3f,4.5713677,0.0966834,4.8455076708074194e-06,0.00022223711645955757,TE
LTR82B,4.558084,0.09885363,5.162239572995066e-06,0.0002357284777607244,TE
MER99,4.5433974,0.15265858,5.535477389615409e-06,0.0002514889006068129,TE
Charlie30a,4.5425773,0.092740305,5.557066578599444e-06,0.0002522867958085752,TE
MamGypLTR1c,4.5333095,0.12015009,5.806669984818493e-06,0.00026285670608299384,TE
MER31A,4.508634,0.10343898,6.524637462272749e-06,0.00029260920662050824,TE
HERVS71-int,4.4687014,0.12309282,7.869586008698305e-06,0.00034967193831982805,TE
MER113A,4.4518976,0.09025823,8.511469993036367e-06,0.0003771231305047535,TE
MSTB-int,4.4504366,0.09955067,8.569585396269139e-06,0.00037942402975124466,TE
L1PB1,4.3954763,0.008378768,1.1053007726928258e-05,0.0004832393489879849,TE
LTR26,4.3909616,0.23662834,1.1285042094424828e-05,0.0004926962872876724,TE
Tigger4,4.3804154,0.07081354,1.1845314481553424e-05,0.0005142902270158029,TE
Charlie23a,4.3407893,0.10181299,1.4197194022430105e-05,0.0006092557781267313,TE
Tigger5,4.3222003,0.129914,1.544808718546515e-05,0.000661543479327804,TE
LTR52,4.3172994,0.16050011,1.579498530154799e-05,0.0006740951118033265,TE
L1P1,4.272025,0.02488652,1.9370584752246857e-05,0.0008155823288393938,TE
MER77,4.259647,0.081353426,2.047500452447088e-05,0.0008574729334643214,TE
PRIMA4-int,4.222468,0.13503087,2.416416365912847e-05,0.000998620723883943,TE
LOR1a,4.2140517,0.109358825,2.5082957669899892e-05,0.0010352255474156114,TE
Arthur1C,4.2012177,0.14354242,2.6548301196467375e-05,0.001090673848039264,TE
MER4E1,4.1972632,0.08775025,2.7015994054006476e-05,0.0011077087980874082,TE
Charlie9,4.1953535,0.09074306,2.72446570913086e-05,0.0011148955006058622,TE
MADE2,4.172751,0.08626838,3.009437019052817e-05,0.0012227252832728796,TE
Tigger5b,4.1611023,0.08306613,3.167151311743376e-05,0.0012809890047258505,TE
MLT2B4,4.1458073,0.08219277,3.3861859074564835e-05,0.00136254292413652,TE
MLT1I,4.1154704,0.04269596,3.863907589466692e-05,0.0015409145409782158,TE
MER21B,4.0934777,0.07368893,4.249505873784481e-05,0.0016829064001167603,TE
MER106A,4.07544,0.086779,4.5927390899992845e-05,0.0018017513884004083,TE
Charlie21a,4.073339,0.085318394,4.6343933937126664e-05,0.0018158524658437169,TE
LTR79,4.0650206,0.08003381,4.8028273887802197e-05,0.001879462453057274,TE
Tigger19b,4.0365133,0.064762555,5.425141957618338e-05,0.002107195094772142,TE
LTR81B,4.035426,0.09084193,5.450331758205567e-05,0.0021143574921568854,TE
MLT1B-int,4.0270658,0.074771665,5.64771952656647e-05,0.00217878864568298,TE
MER91B,4.0127726,0.079190984,6.000974704985833e-05,0.0023051322271126144,TE
LTR10A,4.011349,0.15463655,6.037274627623756e-05,0.002317654979750343,TE
MER63C,3.9897156,0.09025117,6.615256032498933e-05,0.002510311360945431,TE
MER20,3.9771917,0.04263823,6.973393035923681e-05,0.0026287006443661523,TE
MER97b,3.968359,0.25864664,7.23692678363358e-05,0.002719860227483068,TE
Tigger12A,3.9350786,0.08403981,8.316946412792112e-05,0.0030868780195962,TE
HERV16-int,3.9289892,0.12813129,8.530365991666528e-05,0.0031548757954185337,TE
LTR84a,3.9256623,0.09979404,8.649141701238893e-05,0.0031931489494656327,TE
L1P5,3.9199235,0.13396932,8.857705611440158e-05,0.003262458049749191,TE
MER4CL34,3.9182754,0.07797369,8.918479352994068e-05,0.0032809844388985987,TE
LTR49,3.9052825,0.08340512,9.41153319922173e-05,0.0034502163046485697,TE
MLT1I-int,3.9021444,0.10253374,9.534427633182298e-05,0.0034891438413931315,TE
LTR40a,3.8891895,0.0817551,0.00010057954096545918,0.003670010961576577,TE
ERVL-B4-int,3.8882015,0.075675994,0.00010098977566370474,0.003681671977612771,TE
L1PREC2,3.875073,0.016462991,0.00010659280754950808,0.003864667815847356,TE
L1MA5A,3.8710883,0.046238296,0.0001083505715259844,0.0039229477276512175,TE
MSTC-int,3.8406684,0.21865252,0.00012269969077821123,0.004387704524512392,TE
MamRep1879,3.8302097,0.076526485,0.00012803405403228563,0.004547313786381365,TE
Charlie13a,3.8249066,0.077783614,0.00013082170671461994,0.0046331886644305565,TE
MER110A,3.8195655,0.09217292,0.00013368692539588028,0.004729316523420269,TE
MER74B,3.8086288,0.07011174,0.00013973959161031981,0.004915679480055108,TE
LTR16A2,3.8034554,0.07628073,0.0001426917338363761,0.0050110873411338555,TE
Charlie29a,3.7998707,0.07509182,0.00014477162888752943,0.0050755944719824315,TE
Charlie7a,3.75322,0.07276835,0.00017457744067153266,0.0060228255702159655,TE
L1M3de,3.7480178,0.0756156,0.0001782376893093675,0.0061322182717853824,TE
LTR37B,3.738058,0.074750386,0.000185447147060506,0.006355825607487835,TE
LTR49-int,3.717447,0.066192195,0.0002012460816772355,0.006867248509346668,TE
THE1C-int,3.7153752,0.06871579,0.0002029023449702231,0.006908714573222526,TE
Charlie20a,3.7109582,0.06862574,0.00020647615269818386,0.007011348207422177,TE
LOR1-int,3.7078314,0.080906324,0.00020904180136610543,0.007094625079841751,TE
LTR90A,3.7037811,0.17807162,0.00021240950381787405,0.0071894477707691124,TE
Zaphod,3.6946623,0.07831778,0.00022017920730339947,0.007440370828891737,TE
MER57D,3.693422,0.1252468,0.00022125636004847397,0.007468713477045766,TE
Tigger2a,3.6619165,0.05094497,0.0002503355675287237,0.008369142818165459,TE
MER4A,3.6511729,0.07750222,0.00026104555020193263,0.008713247078157316,TE
MLT1O,3.6478436,0.06817292,0.0002644504259079534,0.008822195758018736,TE
AluYh3a3,3.6322753,0.080640726,0.0002809330880156111,0.009307635588189346,TE
L1M2b,3.621011,0.35985008,0.0002934538885490667,0.009676410300782935,TE
Tigger3d,3.6109304,0.08561803,0.00030510062250194495,0.00999731124496305,TE
LTR83,3.584497,0.12604217,0.00033772845117746857,0.01090109489681586,TE
LTR68,3.557223,0.19879292,0.00037479581347164517,0.011949787536800021,TE
MER90,3.556328,0.0926772,0.00037607427891297063,0.011966190781196812,TE
Charlie22a,3.5503023,0.07300824,0.0003847889418470759,0.01223105631438922,TE
MSTD,3.5421596,0.042192984,0.00039686548124027397,0.01257028274276259,TE
MLT2C1,3.5383036,0.072212994,0.0004027065634814568,0.012735976228509213,TE
LTR87,3.5346534,0.065199256,0.0004083101842959367,0.012880685476497851,TE
MamGypLTR1a,3.5075696,0.057408933,0.00045222028879303433,0.014074542132723493,TE
LTR16E1,3.5005465,0.06249155,0.00046430538745074134,0.014388297100378625,TE
MLT2B3,3.4899402,0.06430901,0.00048312875109474053,0.01489591505159281,TE
MER101-int,3.4848604,0.071000256,0.0004923940028309727,0.015151756714814965,TE
MER41D,3.4751217,0.17977989,0.0005106216583249527,0.015643500007685385,TE
LTR57-int,3.4660995,0.13935365,0.0005280677090695786,0.01607578719189415,TE
Charlie2a,3.4586258,0.06536518,0.000542938726461893,0.01645653321314178,TE
LTR73,3.4487035,0.16218133,0.0005632846530034858,0.01701559633332757,TE
MamRep1894,3.4232593,0.15987909,0.0006187502607561356,0.018530268922864555,TE
Charlie26a,3.4210072,0.08011345,0.0006238966686206891,0.01865763732016935,TE
MER72,3.4144428,0.07479881,0.0006391263647166377,0.01905849875100527,TE
MER4B-int,3.3957548,0.06121171,0.0006843966173325519,0.02025419578294838,TE
Tigger16b,3.3833628,0.06511987,0.0007160395316125895,0.021091016781880745,TE
MLT1G1-int,3.3794115,0.24951023,0.0007264122396079079,0.0213764458542391,TE
MER110,3.3735886,0.11574777,0.0007419520318458503,0.021780682741523914,TE
LTR89,3.3631113,0.058772422,0.0007706927920562044,0.022486382340666147,TE
MER89-int,3.3630195,0.082574375,0.0007709493745949927,0.022486382340666147,TE
ERVL-int,3.3624496,0.07559795,0.000772541957249657,0.022511872634255005,TE
Charlie17a,3.343441,0.057312276,0.0008274626255765494,0.023912066861160697,TE
Charlie10,3.3247998,0.058444615,0.0008848205526984161,0.02537066015885971,TE
MER81,3.313131,0.056825608,0.0009225768804649581,0.026332739926200496,TE
MamGypLTR3a,3.3118443,0.07717162,0.0009268312469216439,0.026418063899403054,TE
LOR1b,3.2976437,0.05127949,0.0009749978583293667,0.027677657826095672,TE
LTR85a,3.2966995,0.07062456,0.0009782807188673814,0.02774570634574935,TE
MamGypLTR2c,3.294931,0.07197114,0.0009844586033928894,0.02790207512353129,TE
MLT1J,3.293722,0.013011361,0.0009887026988056654,0.0279906067703903,TE
Tigger6a,3.2933505,0.06622197,0.0009900098824327447,0.02801495444638387,TE
LTR9,3.284101,0.060212262,0.0010230824296588075,0.028807702157552333,TE
MER33,3.28311,0.04022439,0.0010266866110370538,0.028896200749363186,TE
Charlie17b,3.2791688,0.14342143,0.0010411328344764976,0.029262088281957026,TE
MER66-int,3.2759922,0.06235165,0.0010529145997266683,0.029524509858308668,TE
MER58D,3.268978,0.05726068,0.0010793664604042744,0.030108365142826447,TE
Tigger12c,3.2662363,0.063738145,0.0010898721587003517,0.03037436860086109,TE
MER6B,3.2460625,0.07679637,0.0011701315437326742,0.03233785238041278,TE
MLT1E3-int,3.2442343,0.5063718,0.0011776680738862053,0.03253178240610435,TE
Zaphod2,3.2421846,0.09001318,0.0011861710797769634,0.03272338367199759,TE
HERVL74-int,3.239249,0.16141514,0.0011984485961589306,0.03298945650173689,TE
MER72B,3.2389328,0.19388692,0.001199778395055731,0.03299894034276942,TE
ORSL-2b,3.2389166,0.056968074,0.0011998465483524406,0.03299894034276942,TE
MamTip2,3.2289073,0.054555357,0.0012426413764478844,0.034071214387674575,TE
LTR32,3.2177002,0.055278413,0.0012922281433685964,0.0352610563633214,TE
LTR16E2,3.2164755,0.044284254,0.0012977566144090225,0.03538109210154033,TE
THE1A,3.1912034,0.06136348,0.001416815662076391,0.03816968044989989,TE
LTR86B2,3.1845589,0.17390126,0.001449748054922165,0.03891523795583914,TE
LTR33A,3.1817157,0.0469209,0.0014640549130880357,0.0392488251432942,TE
MER65D,3.1793866,0.13640131,0.0014758705019971012,0.03953174981642599,TE
LTR41B,3.1730716,0.06620899,0.0015083527100167833,0.0403500451047231,TE
MER45R,3.16647,0.102037124,0.001543011896203105,0.041189279211342446,TE
MER41C,3.1619952,0.061546713,0.0015669220209995657,0.041756372410737465,TE
L1M2a1,3.1461372,0.22976622,0.0016544230627391486,0.04360591472598671,TE
Kanga1b,3.1313806,0.08849749,0.0017398655616769974,0.04547530968069485,TE
AmnSINE1,3.126765,0.0630016,0.001767411375629816,0.04615676952671263,TE
MER106B,3.114455,0.05484327,0.0018428512421989228,0.04788737999792813,TE
MLT1H-int,3.101191,0.060163286,0.0019274386579098404,0.049723567387993016,TE
MLT1N2,3.0838492,0.059040483,0.0020434108203014204,0.05223979340049591,TE
MER67A,3.0820622,0.13215284,0.0020557182631937617,0.05248280558571816,TE
L1PBb,3.0614252,0.07527075,0.0022028598084671805,0.05582984217648759,TE
MamSINE1,3.0438612,0.039956998,0.0023356284611344485,0.05864908165071516,TE
MER44C,3.005478,0.059881356,0.0026516389255513196,0.06548199855132665,TE
LTR10D,2.9866354,0.060819365,0.0028206593159556276,0.06886871660324864,TE
MER63A,2.9784436,0.060325567,0.0028971631957208583,0.07035277960275484,TE
MER117,2.9767754,0.060461026,0.002912973814216017,0.07058773271751055,TE
MER57F,2.9673357,0.090608425,0.0030039288847157368,0.07260769620228612,TE
LTR91,2.9598055,0.23418249,0.00307833364561776,0.07406324164039872,TE
LTR41,2.9585903,0.04624792,0.003090496460527508,0.07432732965393815,TE
MLT1F2,2.9510982,0.04644568,0.00316646262053397,0.07600844813757615,TE
HERVI-int,2.9491386,0.18078113,0.0031866089006107124,0.07625830184574552,TE
MER94,2.941492,0.054731213,0.003266352294499847,0.07801762775551273,TE
LTR19A,2.9390185,0.09963104,0.0032925340211583465,0.0785830662703206,TE
LTR80A,2.931457,0.17155796,0.0033737612517692945,0.0802465892880023,TE
MER50-int,2.9308512,0.0711808,0.0033803465541224964,0.08037271042213605,TE
LTR40b,2.9296331,0.047700763,0.0033936235777904306,0.08062719407362468,TE
LTR9D,2.9293454,0.074714534,0.0033967672231491448,0.0806407212192183,TE
MER94B,2.9180477,0.08847852,0.0035223062671320957,0.08330540201664513,TE
MER4D0,2.9112973,0.07746861,0.0035993138783662454,0.08487038531935402,TE
UCON8,2.9086866,0.24965309,0.00362950460229013,0.08546877165251057,TE
LTR31,2.8986182,0.035209414,0.003748110409339028,0.08778424869364465,TE
Tigger11a,2.8894613,0.035182472,0.0038590245328192544,0.08971122300766572,TE
LTR10C,2.8856187,0.05420265,0.003906451799589307,0.09054499137849414,TE
MER90a,2.8845816,0.04254101,0.003919342887378182,0.09074307141061734,TE
LTR40A1,2.8639169,0.10635164,0.0041843773972432205,0.09602762941929854,TE
LTR45C,2.8555086,0.07102343,0.0042967970412299055,0.09814022290561239,TE
LTR37A,2.853108,0.055354774,0.004329390307051862,0.0987406742362964,TE
HSMAR1,2.8350728,0.045918543,0.004581525948565428,0.10343682241570185,TE
LTR88a,2.8324966,0.124297865,0.0046186052622345704,0.10412387127897015,TE
MLT2F,2.83208,0.033998195,0.004624627879812623,0.10418466785262159,TE
Tigger6b,2.831325,0.076340996,0.0046355587174518225,0.10431838692782834,TE
MLT1H2-int,2.823604,0.06159909,0.0047487000315269215,0.10632980903330706,TE
MER4D,2.823383,0.048337456,0.00475197530297232,0.10635891038767711,TE
MER103C,2.8145397,0.041827917,0.004884715006805712,0.10894705585310953,TE
LTR45B,2.7903259,0.12530477,0.005265500196190702,0.11648617683317221,TE
HERVP71A-int,2.7852547,0.040433668,0.005348570863988952,0.11815702157960924,TE
MER83B-int,2.783144,0.1348003,0.005383490108280851,0.1187609291457407,TE
LTR86C,2.7775943,0.18288034,0.005476293541049483,0.12063635338120582,TE
LTR14B,2.7738554,0.062836915,0.005539629197777557,0.12181934323269981,TE
MSTB2-int,2.7721422,0.41715664,0.005568871110840122,0.12229069189107764,TE
Charlie3,2.7465541,0.03470165,0.0060224932073694205,0.13024343180355594,TE
LTR54B,2.7393305,0.03286732,0.006156445863392844,0.13257731731464845,TE
HERVH48-int,2.738903,0.081761494,0.006164457158123583,0.13267241683737566,TE
Charlie10b,2.7238505,0.12046448,0.006452572720713069,0.13806698549364566,TE
MLT-int,2.716416,0.118283235,0.006599298236456814,0.14085970507440948,TE
MER107,2.7101016,0.036483195,0.0067262621402029675,0.1432382900563753,TE
L1MDb,2.7079694,0.0417731,0.006769626150070961,0.14411275838535365,TE
LTR19-int,2.6738684,0.08733137,0.007498187957323091,0.1574217105923343,TE
ERVL-E-int,2.6727982,0.038275182,0.007522151288499656,0.15766821692063968,TE
LTR38B,2.6696024,0.100679584,0.007594109329440836,0.15885761055051678,TE
HERVK14-int,2.6684773,0.08454231,0.007619592263967389,0.1593374749431979,TE
HERV3-int,2.6677587,0.082982056,0.007635909010525727,0.15957215991275758,TE
Tigger3b,2.6660738,0.019559065,0.007674281766095912,0.1601603687300716,TE
MER68,2.6626012,0.0485623,0.007753924869600266,0.16144604420250122,TE
Charlie25,2.662293,0.044897962,0.00776103142436971,0.16154032550438097,TE
MER91C,2.6500096,0.028798029,0.008048947610824133,0.16637235789038032,TE
MER70C,2.6478922,0.16097616,0.008099532515285581,0.1673627347015689,TE
MER67B,2.617643,0.034836594,0.008853935124207674,0.1798663714224173,TE
MER57C2,2.6150901,0.051056415,0.0089203939060481,0.1809817353004597,TE
LTR48,2.6002228,0.030493442,0.009316327088846296,0.1877379248772304,TE
LTR71A,2.5740602,0.22472028,0.010051277304996845,0.19991192839217692,TE
MSTC,2.563972,0.051533964,0.010348191172502139,0.20490661351088227,TE
MamGypsy2-I,2.5503647,0.044228125,0.010761027242803761,0.21187590125358213,TE
LTR56,2.5324883,0.01894603,0.01132561533193203,0.2215993523300667,TE
LTR90B,2.5311754,0.031443585,0.011368096144781542,0.22229169524553943,TE
MER34B,2.5282946,0.03447132,0.011461816932762405,0.22383337099169798,TE
L3b,2.5263982,0.01803045,0.011523879218679926,0.2247766366530249,TE
AmnSINE2,2.5139558,0.047189526,0.011938539763418457,0.23160909286285236,TE
LTR23,2.51301,0.013206551,0.011970592372726683,0.23211686250191874,TE
MER2B,2.508735,0.040806737,0.012116434485470487,0.23443691690834204,TE
L1M3e,2.5065513,0.037291743,0.012191541259009602,0.2356717838377694,TE
LTR23-int,2.4950664,0.18210414,0.012593356953085192,0.24248530045533148,TE
MER73,2.4875603,0.1735613,0.012862268822171813,0.24688541788538182,TE
MER92D,2.4783857,0.1636745,0.013197838713841796,0.25170709079479525,TE
LTR64,2.471862,0.0673354,0.013441138714967717,0.25518205503983105,TE
Tigger9a,2.4684565,0.033841938,0.013569713531364054,0.25731117507672197,TE
LTR12,2.4663036,0.015370327,0.013651555530696169,0.25870647475911845,TE
HERVK3-int,2.461548,0.04280815,0.013833884794596294,0.2611348949280664,TE
MER66A,2.4504857,0.30363607,0.014266360344633843,0.26859242441028036,TE
AluYk3,2.450456,0.045998644,0.014267539040676333,0.26859242441028036,TE
UCON78,2.441875,0.05728472,0.014611206410820789,0.27374602058742026,TE
L1M6B,2.3884609,0.032294884,0.016919111947764937,0.30957922974282154,TE
LTR61,2.3823912,0.05519999,0.01720061121543722,0.31372212321931797,TE
LTR86B1,2.3767493,0.15754029,0.0174659581702837,0.317729310489676,TE
THE1D,2.3737419,0.017900731,0.017608861099277655,0.31986452790108566,TE
MLT2C2,2.3722742,0.029048687,0.017678966115267324,0.3209313622873559,TE
LTR27D,2.3694625,0.17596406,0.017813956903999745,0.3224681346409963,TE
MER127,2.3659549,0.1899531,0.017983638880520163,0.32488262961461034,TE
MLT1E3,2.34736,0.029478934,0.01890698021105195,0.3388275792913661,TE
MER83,2.3396912,0.057093583,0.019299687728736158,0.3444856797416094,TE
MER65C,2.3390558,0.020704322,0.019332548267122145,0.3448757065727419,TE
MER57C1,2.330262,0.28818917,0.019792313597264903,0.3520750253214774,TE
Tigger8,2.3065875,0.036622684,0.021077830795390936,0.37159047926252814,TE
LTR65,2.2965336,0.054552265,0.02164539760715265,0.37933029524076106,TE
MSTA-int,2.2852724,0.045317933,0.022296862128775147,0.38839630781506435,TE
LTR16B2,2.271395,0.013952893,0.02312307304926475,0.3994450495958374,TE
LTR28C,2.2670476,0.042926922,0.02338731171047272,0.40309173754410627,TE
MLT1A1,2.2416434,0.031344913,0.02498441961724037,0.4256999927766457,TE
MER63D,2.235567,0.027591243,0.025380135083479593,0.43185519910784353,TE
MER102c,2.2282608,0.03951195,0.02586313228245042,0.4380511220945664,TE
MER115,2.2183468,0.024444893,0.026531195698874105,0.4462247217434716,TE
Charlie1b,2.206092,0.03237118,0.027377570547721778,0.4576393202735638,TE
MER51-int,2.202874,0.008140369,0.02760363110694952,0.4608033819561669,TE
MLT2E,2.2007282,0.16408606,0.027755276665140126,0.4629648131916118,TE
MER92B,2.1936672,0.005912273,0.02825934985653132,0.4694978859351747,TE
LTR26C,2.1889968,0.11192266,0.028597080758998545,0.4741031242741513,TE
LTR8A,2.180043,0.007454562,0.02925427525985058,0.4829537811080102,TE
LTR6A,2.1787117,0.006169816,0.029353103119521145,0.48394829364930253,TE
UCON55,2.1787112,0.045239344,0.02935313906988475,0.48394829364930253,TE
LTR75B,2.1734686,0.19927065,0.02974507350713514,0.48873815900748063,TE
MER34C2,2.1712296,0.06299874,0.02991382550856838,0.49091280093163225,TE
MER97c,2.1708474,0.08873736,0.029942704207928442,0.4910838642227552,TE
FordPrefect,2.160561,0.11134048,0.030729257133567812,0.500292335599525,TE
LTR53,2.1472056,0.018808499,0.031776912541264836,0.5127106226172504,TE
MER101B,2.1381772,0.22506273,0.03250236126340418,0.5221295988496244,TE
MER34-int,2.1178653,0.017516652,0.03418648382579365,0.5441609243317577,TE
MADE1,2.1173527,0.036939826,0.03422991571061279,0.5445468862342274,TE
Charlie4a,2.0891192,0.031431373,0.03669699743494228,0.5765054128125799,TE
AluYk12,2.0866275,0.0557285,0.036921819442661895,0.578731275932502,TE
Tigger9b,2.0777311,0.028875941,0.037734132043036564,0.5893743282885,TE
LTR24,2.0745034,0.07149941,0.03803258732636252,0.5929245486809178,TE
LTR55,2.0718606,0.033819113,0.03827844739727672,0.5955259517970657,TE
LTR7C,2.0714545,0.02884891,0.03831633785848139,0.5958195292061845,TE
LTR38-int,2.0682633,0.28335258,0.03861526995189596,0.5992779979579475,TE
MER89,2.067009,-0.0030315905,0.03873330476010715,0.6000693067570407,TE
MLT1G3-int,2.0524793,0.06800739,0.04012310584398438,0.6173263026108706,TE
UCON29,2.0430233,0.1253096,0.041050127978274294,0.6287743816853564,TE
LTR2C,2.0392535,0.011862392,0.04142474045838405,0.6332974677216618,TE
LTR71B,2.0365753,0.1504516,0.04169261727834142,0.6366278735328708,TE
MER5A,2.0342019,0.016890354,0.0419312421281984,0.6394922713178574,TE
LTR38A1,2.0175316,0.344239,0.043640063070732205,0.6594533505654712,TE
HERV35I-int,2.0134146,0.010494589,0.044071017539688714,0.6645230613427286,TE
MamTip3,1.9882146,0.0045526563,0.046787954850035555,0.6975992763706753,TE
OldhAT1,1.9862993,0.034663003,0.04700010755687344,0.7002624824127653,TE
MLT1G1,1.9856356,0.041572426,0.04707379017180654,0.7008602728264856,TE
MER77B,1.9805418,0.025237553,0.04764267558397144,0.7068106246771003,TE
MER104,1.9686027,0.035457656,0.04899873272094196,0.7219707440497966,TE
LTR28B,1.9671946,0.116570674,0.04916077978029032,0.7236776348719381,TE
LTR10E,1.9669037,0.010057169,0.04919431381096787,0.7240011638644464,TE
Charlie10a,1.9543198,0.1103684,0.05066340084435932,0.740922671872072,TE
Charlie13b,1.9536546,0.023349004,0.050742075018906777,0.7414494952167147,TE
HERVE-int,1.9534687,0.005278796,0.050764085475247835,0.7414494952167147,TE
MLT1F1,1.9507195,0.0357536,0.05109042525233387,0.7451049391651228,TE
MER4B,1.944506,0.027309813,0.05183445922789989,0.7531263230721604,TE
MamTip1,1.9356786,-0.0028885608,0.052907082586939956,0.7653386356856096,TE
Charlie16a,1.9082258,0.029253358,0.05636204748323594,0.8041764146828092,TE
MER11A,1.9073794,0.026323864,0.056471478159955533,0.805396386007272,TE
LTR1F1,1.883834,0.121258356,0.05958742668304132,0.8393012295681703,TE
MER125,1.8633218,0.3358383,0.062417003609746675,0.8691904185717357,TE
MLT1J1-int,1.8543737,0.0061664055,0.06368571910911615,0.8833238848583653,TE
L1P4e,1.8450822,0.033598274,0.06502558901694974,0.8969436762441475,TE
MER61E,1.843434,0.041990835,0.06526567873876424,0.8996611746231723,TE
LTR12F,1.8333254,0.013525741,0.06675420512082753,0.9157472531256766,TE
LTR66,1.8324732,0.04882334,0.06688095560404668,0.9166831655106384,TE
LTR82A,1.8276552,-0.007643745,0.06760131000513823,0.9247357364916847,TE
Eulor9A,1.8190014,0.08168185,0.06891121826820111,0.9383498422719246,TE
MLT1H1-int,1.8165148,-0.008906897,0.0692914397377237,0.942300410464104,TE
MER9a3,1.8040954,0.010951071,0.0712163527322772,0.9617968775662639,TE
Tigger17,1.7990434,0.07577438,0.07201181710190002,0.9708655806436708,TE
Kanga1,1.7829322,0.0017825882,0.07459734150978722,0.9975662845100702,TE
MSTB2,1.7747496,0.02249838,0.07593923434938174,1.0,TE
Charlie6,1.7738032,0.0386879,0.07609571229231343,1.0,TE
L1P4a,1.7716489,0.032859225,0.07645286632868205,1.0,TE
MER39,1.7632165,0.031131838,0.0778639823994405,1.0,TE
LTR48B,1.7594212,-0.008231786,0.07850599305919405,1.0,TE
MSTA,1.7406045,0.010854254,0.08175291501415677,1.0,TE
Tigger17a,1.7367566,0.029821597,0.08243014848279476,1.0,TE
LTR1F2,1.7251608,0.1048635,0.0844984997458014,1.0,TE
LTR19B,1.7234393,0.055438224,0.08480911209973048,1.0,TE
LTR16D1,1.7148861,0.1478835,0.08636612052143389,1.0,TE
Kanga1d,1.705797,-0.01296658,0.08804589422752519,1.0,TE
MamRep434,1.7042675,0.030411785,0.08833113291625756,1.0,TE
MER63B,1.6923658,0.023277037,0.09057625318803422,1.0,TE
LTR70,1.6861258,0.011609289,0.09177158509503058,1.0,TE
Charlie11,1.6800085,0.05046123,0.0929556571771463,1.0,TE
MER68-int,1.6756871,-0.007818369,0.09379950958849907,1.0,TE
MER34C,1.6692412,0.11992287,0.0950695865231212,1.0,TE
MLT2B2,1.6656035,0.0013462284,0.09579239806900987,1.0,TE
LTR86A2,1.6636355,0.029817337,0.0961853047198685,1.0,TE
LTR16D2,1.6616815,0.1600996,0.09657663777437044,1.0,TE
LTR88c,1.6568893,-0.0050936607,0.097541863259079,1.0,TE
MER49,1.6557996,0.012291436,0.09776239793404425,1.0,TE
THE1A-int,1.6447971,0.020871809,0.10001167062773819,1.0,TE
Eulor11,1.643128,0.45639813,0.10035644441020897,1.0,TE
Charlie18a,1.6410525,0.029610226,0.10078650970704099,1.0,TE
Arthur1B,1.6358267,0.021836212,0.10187586976450892,1.0,TE
MER34D,1.6330752,0.011555094,0.1024531632044388,1.0,TE
MER34A,1.6289299,0.019662458,0.10332787104233211,1.0,TE
LTR15,1.6223358,0.016711647,0.10473147151811849,1.0,TE
Tigger19a,1.6203519,0.025395295,0.10515670044027518,1.0,TE
AluYh7,1.6147954,-0.024592986,0.10635499001787609,1.0,TE
MLT1F1-int,1.5981349,0.020723645,0.11001296039395422,1.0,TE
MER5A1,1.5918102,0.01160662,0.11142735621623014,1.0,TE
HERVK22-int,1.5903627,-0.013193128,0.1117530732453459,1.0,TE
LTR88b,1.570323,-0.014330628,0.11633999332621456,1.0,TE
HERVFH19-int,1.5648025,0.05298975,0.11762921053407584,1.0,TE
L1P,1.5629181,0.33462086,0.11807186082436431,1.0,TE
L1PA15-16,1.5609086,0.021061568,0.11854531574007039,1.0,TE
LTR16A1,1.5606574,-0.010150078,0.11860461640111186,1.0,TE
Charlie4z,1.5563644,0.019718613,0.11962146246452632,1.0,TE
Tigger4b,1.5544273,0.028774368,0.1200825423156616,1.0,TE
LTR46,1.5359049,-0.0091744745,0.1245617084211129,1.0,TE
LTR1B1,1.5338441,0.26716983,0.12506800109459568,1.0,TE
LTR47B3,1.5172539,0.14149566,0.12920259082054192,1.0,TE
MER51B,1.5161766,-0.02990154,0.1294746985444579,1.0,TE
LTR44,1.5081244,0.07519793,0.13152268988582452,1.0,TE
MER83B,1.5018423,0.027098902,0.1331378456322847,1.0,TE
Kanga1c,1.4900402,-0.0023732446,0.1362136564187107,1.0,TE
LTR27C,1.4804585,0.07806499,0.13875091692286484,1.0,TE
MER121,1.4789847,-0.017815186,0.13914441034549588,1.0,TE
MLT1A0-int,1.4738541,0.008586753,0.14052088437132934,1.0,TE
MLT2B5,1.4684589,0.099301085,0.14197960348857216,1.0,TE
MER57B2,1.4652761,-0.00021956846,0.14284558856869695,1.0,TE
LTR12D,1.4500058,-0.008363779,0.1470569146662221,1.0,TE
MER96,1.4459822,-0.0069720265,0.14818219819702144,1.0,TE
HERV9NC-int,1.437788,-0.016562603,0.15049420723553064,1.0,TE
MER30B,1.4021889,-0.002363928,0.1608588382461975,1.0,TE
LTR16B,1.3968598,-0.03160321,0.16245573685258263,1.0,TE
LTR28,1.3923908,0.23891266,0.16380408779829858,1.0,TE
UCON33,1.3917514,0.15588295,0.16399767836221857,1.0,TE
UCON107,1.3726273,0.02117227,0.1698682633502423,1.0,TE
LTR51,1.366069,-0.0047583235,0.17191732310977303,1.0,TE
LTR50,1.3654402,0.0032643874,0.1721147270647695,1.0,TE
LTR47A2,1.3652985,-0.006703264,0.17215924228886503,1.0,TE
MER92A,1.3488125,0.257222,0.17739719390001685,1.0,TE
MER126,1.3485775,-0.026328199,0.17747272125724112,1.0,TE
MER5C1,1.3466402,-0.02923587,0.17809611253902335,1.0,TE
PRIMA41-int,1.3312582,-0.03830229,0.1831040789984525,1.0,TE
L1PA4,1.3262103,-0.010437566,0.1847700597662253,1.0,TE
LTR10B2,1.3237982,0.026350377,0.18557008843886802,1.0,TE
HERV15-int,1.3235868,0.061168015,0.1856403080550415,1.0,TE
MER4-int,1.3223318,0.016475134,0.18605769202733302,1.0,TE
LTR43-int,1.3044561,0.097972296,0.19207813044887945,1.0,TE
REP522,1.296948,0.40198362,0.19464910133275815,1.0,TE
Charlie19a,1.2916106,0.017905187,0.19649203642436186,1.0,TE
MER70B,1.2890916,0.010491453,0.19736624570444994,1.0,TE
LTR21A,1.2808653,0.0617061,0.20024099211049906,1.0,TE
MER52-int,1.2776527,-0.0244028,0.201371890399488,1.0,TE
LTR60B,1.2753432,0.075266466,0.20218780196615604,1.0,TE
MER76,1.2720191,-0.025153195,0.20336630440201242,1.0,TE
(CATTC)n,1.2682159,2.3877249,0.20472085788664696,1.0,TE
LTR69,1.2580754,0.23161472,0.20836449765781007,1.0,TE
MLT1K-int,1.2446756,0.036455672,0.21325099784497137,1.0,TE
Tigger17b,1.2340827,-0.02880704,0.21717209365197299,1.0,TE
LTR10B1,1.2288401,0.07551575,0.2191317524793499,1.0,TE
MER87,1.2178134,0.09152828,0.22329491206804486,1.0,TE
MER83A-int,1.2102264,0.0065545747,0.22619203641704222,1.0,TE
LTR78,1.210036,0.019486435,0.2262650501594088,1.0,TE
LTR43B,1.2030834,0.10474345,0.22894404930559087,1.0,TE
MLT1E,1.2017788,-0.050202426,0.22944923994229605,1.0,TE
LTR52-int,1.193765,0.16838965,0.23256989086874003,1.0,TE
LTR33B,1.1751535,-0.025863616,0.2399333214881214,1.0,TE
LTR72B,1.1699046,0.08416616,0.24203935260599319,1.0,TE
THE1-int,1.1602001,0.06279946,0.24596735166370487,1.0,TE
MER65B,1.1593497,0.08643902,0.24631370276687925,1.0,TE
HERVKC4-int,1.1509229,0.18161333,0.24976398179295412,1.0,TE
LTR2B,1.1488478,-0.007086235,0.25061873765214127,1.0,TE
MER130,1.1445532,0.15480217,0.2523942982228534,1.0,TE
THE1D-int,1.142242,0.018242603,0.2533534823960242,1.0,TE
(GAATG)n,1.1246704,1.6902577,0.2607287361504931,1.0,TE
LTR26E,1.124446,0.06422365,0.26082387566659215,1.0,TE
MLT1H1,1.1237231,0.016985124,0.261130474239882,1.0,TE
MER45C,1.1176322,0.00811137,0.26372415190070775,1.0,TE
AluYd8,1.1094767,-0.007030266,0.2672246185046727,1.0,TE
LTR26D,1.102206,0.123332456,0.2703721372602409,1.0,TE
HUERS-P3-int,1.0966763,-0.04666924,0.2727828871728124,1.0,TE
MLT1A0,1.0805048,0.00043954203,0.2799174837237045,1.0,TE
PrimLTR79,1.0765469,-0.03134785,0.2816827233746434,1.0,TE
MER95,1.0737683,0.14516217,0.2829265722218769,1.0,TE
LTR38C,1.0676066,-0.049364608,0.2856980364912033,1.0,TE
MSTA1,1.0468278,-0.029657397,0.29517900052887436,1.0,TE
LTR22B,1.0467356,-0.035525136,0.2952215025480972,1.0,TE
HERVK14C-int,1.0460947,0.095495015,0.2955173453070852,1.0,TE
MER75B,1.0346894,-0.0042656525,0.30081398706740603,1.0,TE
MLT1E2-int,1.0307778,0.06742939,0.30264503342784665,1.0,TE
MLT1F-int,1.0208724,-0.046863098,0.3073149403420523,1.0,TE
HERV-Fc1-int,0.9983228,0.091904834,0.3181228670066718,1.0,TE
ORSL-2a,0.9960468,-0.038574863,0.3192274025657429,1.0,TE
MER4A1,0.9957801,0.00068409735,0.31935700809475753,1.0,TE
LTR22E,0.99492383,0.09546178,0.31977331798900444,1.0,TE
LTR47B2,0.99412364,0.0039641857,0.32016267270802157,1.0,TE
MLT1F2-int,0.9800316,-0.045923278,0.32707051430883005,1.0,TE
LTR27E,0.9761621,0.026267067,0.328984150484815,1.0,TE
HUERS-P3b-int,0.9654388,-0.006746484,0.33432508785034054,1.0,TE
LTR43,0.9585901,-0.07826616,0.33776529293305935,1.0,TE
MER74C,0.956051,0.09011832,0.3390464609090228,1.0,TE
MER54A,0.9507557,-0.062043656,0.3417283848471476,1.0,TE
MLT1G,0.94839126,0.008477995,0.34293030240170463,1.0,TE
SATR1,0.94588584,-0.03926376,0.34420682701874994,1.0,TE
LTR22A,0.92971927,0.12967886,0.35251646638091705,1.0,TE
MER91A,0.92210084,0.0031186824,0.35647597302163925,1.0,TE
MSR1,0.9169727,0.16693577,0.3591569611797144,1.0,TE
MER54B,0.9164919,-0.05717829,0.35940893206545943,1.0,TE
LTR42,0.9153898,-0.04093463,0.359987059089682,1.0,TE
MamGypLTR2b,0.9118733,-0.073488556,0.3618354359610436,1.0,TE
HUERS-P2-int,0.8968483,0.012363382,0.3697998680309881,1.0,TE
MamGyp-int,0.8964249,-0.04336032,0.3700258809048518,1.0,TE
MER92C,0.8844168,0.03630268,0.37647124958409706,1.0,TE
LTR47B4,0.8834585,0.0073724105,0.37698859559492703,1.0,TE
Tigger3c,0.8797991,0.014877819,0.3789681488993246,1.0,TE
MamGypLTR3,0.8790819,-0.06619399,0.37935688081750474,1.0,TE
LTR1A2,0.876117,-0.05198664,0.38096644146277414,1.0,TE
MER9a2,0.87354237,-0.038080152,0.3823675207205316,1.0,TE
MLT2B1,0.87285876,0.015169111,0.3827400665122268,1.0,TE
L1PA8A,0.86853343,-0.017965985,0.38510239171840677,1.0,TE
LTR57,0.8662908,0.08288828,0.38633070396912095,1.0,TE
AluYh9,0.86519176,-0.017214293,0.3869335472296773,1.0,TE
LTR26B,0.8542839,0.09584021,0.3929476787611835,1.0,TE
MER57E2,0.8441543,0.14829873,0.3985831885169233,1.0,TE
MER88,0.84064484,0.06651639,0.4005469354715815,1.0,TE
AluYk2,0.8363294,0.013972198,0.40296962201806863,1.0,TE
LTR39-int,0.83342206,0.010198912,0.4046067457255329,1.0,TE
LTR14,0.82069165,0.058514897,0.411821916298294,1.0,TE
MER57E3,0.81759936,-0.006625169,0.41358600747859653,1.0,TE
CR1,0.8171464,0.5872113,0.4138447609381044,1.0,TE
LTR81,0.8088137,0.09834605,0.4186223171769493,1.0,TE
LTR27,0.7980374,0.061944496,0.42484876842692154,1.0,TE
LTR72,0.788323,-0.003362223,0.43050780959933865,1.0,TE
LTR18B,0.78727376,-0.042904977,0.4311216372950075,1.0,TE
HERVK11D-int,0.77140796,0.057029568,0.4404651416240184,1.0,TE
MLT1N2-int,0.7630968,0.3229123,0.44540567361212946,1.0,TE
MLT1A,0.76260495,0.0022726683,0.44569903846749315,1.0,TE
LTR81AB,0.76091975,-0.04478749,0.44670501524782424,1.0,TE
MER68C,0.7469559,0.06981922,0.45509021070065026,1.0,TE
MER46C,0.7382333,0.018252324,0.460372674713575,1.0,TE
MST-int,0.7359808,-0.013084713,0.46174237331117873,1.0,TE
MLT2A2,0.7323831,0.009165548,0.4639347802924426,1.0,TE
MamRep488,0.7316255,-0.08410618,0.4643971937263002,1.0,TE
LTR18C,0.71015006,0.1979177,0.477611068434302,1.0,TE
LTR30,0.70287144,0.11958483,0.4821358692537935,1.0,TE
LTR1,0.6888998,0.047657005,0.4908863067554685,1.0,TE
HERVIP10B3-int,0.68447363,-0.033622026,0.4936761295275872,1.0,TE
MamRep137,0.67019105,0.008280004,0.5027360076854694,1.0,TE
PRIMAX-int,0.6692347,0.14936498,0.50334579267814,1.0,TE
LTR14A,0.6587926,0.045747828,0.5100289623175743,1.0,TE
LTR45,0.6507363,0.09810558,0.5152167441227657,1.0,TE
LTR47B,0.64681596,0.24191761,0.5177510615375958,1.0,TE
MER66D,0.6260036,-0.043881632,0.5313125606986665,1.0,TE
MLT1L-int,0.6239066,0.21579787,0.5326889217630815,1.0,TE
MLT1H2,0.617418,0.013812509,0.5369590710120162,1.0,TE
AluYe6,0.6145176,-0.031452175,0.538873321894938,1.0,TE
MLT1A1-int,0.61011976,-0.06732918,0.5417824915089395,1.0,TE
MER51D,0.6030921,0.01943787,0.5464474224512721,1.0,TE
UCON49,0.58694583,0.09583575,0.557240082460459,1.0,TE
Eulor8,0.57449764,0.1757527,0.5656310815959917,1.0,TE
LTR35B,0.57035756,0.061132398,0.5684352214471848,1.0,TE
MER51C,0.5682165,-0.0942409,0.5698879645593713,1.0,TE
HSAT4,0.5658806,-0.038964503,0.5714749713095174,1.0,TE
MER76-int,0.56374556,0.06324603,0.5729272922812902,1.0,TE
HERVIP10FH-int,0.55138564,-0.010070646,0.5813693238950729,1.0,TE
LTR14C,0.54972947,0.07943118,0.5825049384706324,1.0,TE
LTR22C2,0.54090226,0.07068842,0.5885749657145177,1.0,TE
LTR109A2,0.52583474,0.8571032,0.5990030482703977,1.0,TE
MLT1F,0.51693034,0.012028456,0.6052047801801621,1.0,TE
MLT1D,0.5074526,0.0066619352,0.6118372620497747,1.0,TE
MER4E,0.5050746,-0.016820585,0.6135064251880606,1.0,TE
LTR1E,0.50495225,-0.09402853,0.6135923648636307,1.0,TE
LTR4,0.48870397,-0.028182806,0.6250513016151285,1.0,TE
LTR10G,0.472401,-0.105126254,0.6366405898179062,1.0,TE
MER47A,0.46970257,0.009275971,0.6385675224693517,1.0,TE
LTR16D,0.467275,-0.09306575,0.6403031424133412,1.0,TE
HERVL40-int,0.46366712,-0.043600388,0.6428862644057809,1.0,TE
LTR53B,0.45208246,0.055041455,0.6512095807637476,1.0,TE
LTR3,0.44093427,0.06087212,0.659260574651023,1.0,TE
MSTB1-int,0.43454623,-0.12677756,0.6638918223925105,1.0,TE
MamRep1161,0.41493064,0.49093595,0.678192666910189,1.0,TE
MER5C,0.39902404,-0.0032483125,0.6898754939287617,1.0,TE
MER21A,0.3984657,-0.009505948,0.6902869487772448,1.0,TE
MLT1E1A-int,0.39490277,0.17313914,0.6929146419395478,1.0,TE
MLT2A1,0.39415097,-0.017368495,0.6934695813217613,1.0,TE
Ricksha,0.39317983,-0.07175415,0.6941866586077539,1.0,TE
MER50C,0.38313434,0.017179187,0.7016201574245864,1.0,TE
Eulor1,0.38018274,0.012193873,0.7038097684750968,1.0,TE
MER41G,0.37292466,-0.03006136,0.7092045238380507,1.0,TE
L1P3b,0.3669794,-0.03660492,0.7136344011135345,1.0,TE
MER105,0.36536744,-0.037338432,0.7148371463337249,1.0,TE
MER97a,0.36341864,-0.05802694,0.716292176191812,1.0,TE
MLT1B,0.35943496,0.00037809563,0.7192697129248151,1.0,TE
LTR1D,0.3522567,-0.06574479,0.7246457692914371,1.0,TE
LTR46-int,0.35224265,-0.054009676,0.7246562866944803,1.0,TE
SATR2,0.34363598,-0.09379695,0.7311200746801959,1.0,TE
MER83C,0.33951858,-0.12296075,0.7342191085361554,1.0,TE
MER4C,0.33618322,-0.07967022,0.7367327121267664,1.0,TE
MER87B,0.3280749,-0.086447716,0.7428550333871893,1.0,TE
HERVL66-int,0.32683873,-0.046225127,0.7437898591656422,1.0,TE
UCON80,0.32539704,0.3084379,0.7448806006255906,1.0,TE
LTR22C,0.32391083,0.25362122,0.7460055404175148,1.0,TE
MER51E,0.32148278,-0.052766737,0.7478445701279701,1.0,TE
LTR13A,0.30632505,-0.10550633,0.7593571695806897,1.0,TE
LTR77,0.3037195,-0.034997445,0.7613416106765633,1.0,TE
UCON69,0.29849094,-0.10310597,0.7653284801326454,1.0,TE
LTR59,0.28811875,-0.13083942,0.773255830870036,1.0,TE
MER70A,0.28294995,-0.091952756,0.7772151983298551,1.0,TE
Tigger7,0.28237128,0.0058314344,0.7776588247373564,1.0,TE
MER9a1,0.28225717,-0.09856637,0.7777463350414526,1.0,TE
MSTA1-int,0.2719142,0.037450545,0.7856879730389493,1.0,TE
LTR25,0.25706387,-0.097406425,0.7971294800236559,1.0,TE
MLT1E1-int,0.25001565,0.7401108,0.8025752386589123,1.0,TE
LTR16,0.24317276,-0.032343555,0.8078715635784013,1.0,TE
LTR10B,0.22401276,0.064432345,0.8227473745932598,1.0,TE
MER84,0.21776013,-0.113471456,0.8276160047683226,1.0,TE
MER136,0.21638928,0.35054728,0.8286843171271406,1.0,TE
HSAT5,0.21406569,0.11262346,0.8304958379625278,1.0,TE
UCON81,0.21392204,0.12511164,0.8306078505054229,1.0,TE
MER8,0.20779952,-0.009651405,0.8353855096048988,1.0,TE
GSATX,0.2037051,0.12813106,0.8385839581761902,1.0,TE
7SK,0.20361273,1.5526066,0.8386561488131363,1.0,TE
AluYk11,0.20171374,-0.004443661,0.8401405144638829,1.0,TE
LTR5,0.19868042,0.030966869,0.8425127455124487,1.0,TE
MER70-int,0.19644894,-0.10424089,0.8442587926648499,1.0,TE
LTR60,0.1964047,-0.027102621,0.8442934262066593,1.0,TE
HERVL32-int,0.19063158,-0.12931313,0.8488142410476769,1.0,TE
Tigger10,0.1879085,0.0015816122,0.8509483768299155,1.0,TE
MER67D,0.18096066,-0.03489195,0.8563984536650284,1.0,TE
UCON11,0.17826514,0.030906789,0.858514750818902,1.0,TE
LTR22,0.1733396,0.28985298,0.862384493999047,1.0,TE
MER50B,0.16692013,-0.107206956,0.867432893268181,1.0,TE
UCON23,0.16605249,-0.18781528,0.8681156369930927,1.0,TE
LTR58,0.16170079,-0.13331163,0.8715414855312006,1.0,TE
LTR18A,0.14938004,-0.14672351,0.881253755458363,1.0,TE
MER61C,0.14832066,-0.12806378,0.8820897167012475,1.0,TE
SAR,0.13743895,4.3343487,0.8906838393816445,1.0,TE
LTR21B,0.1347623,0.07797379,0.8927998121568209,1.0,TE
MSTB,0.13070899,0.0044013895,0.8960055189496915,1.0,TE
Eulor9B,0.12803935,0.3484045,0.8981178331713057,1.0,TE
LTR1F,0.12645037,-0.15122348,0.8993754248422979,1.0,TE
HERVK13-int,0.11129798,-0.086204566,0.9113800559497988,1.0,TE
LSAU,0.10179028,-0.026977902,0.9189231398417332,1.0,TE
MER132,0.0998265,-0.050458733,0.9204820706354044,1.0,TE
HSATI,0.096903674,0.5444321,0.9228028905166448,1.0,TE
L1P4b,0.0909584,-0.067497395,0.9275256460026778,1.0,TE
LTR33,0.09063364,0.0015884802,0.9277836996391312,1.0,TE
Charlie12,0.08384951,0.044890653,0.9331760839371076,1.0,TE
LTR7A,0.0798037,0.70203626,0.9363933856641821,1.0,TE
D20S16,0.067897424,-0.08372448,0.9458672868023591,1.0,TE
LTR1D1,0.067105725,-0.113338776,0.9464975375319453,1.0,TE
L1P4c,0.063666865,-0.12721188,0.9492354884324138,1.0,TE
Charlie4,0.04920437,-0.09790648,0.9607564310640271,1.0,TE
MER66B,0.048137236,-0.057519503,0.9616068709780975,1.0,TE
LTR17,0.047009893,-0.08886689,0.9625053437194968,1.0,TE
LTR22B1,0.046255186,-0.1629985,0.9631068576199745,1.0,TE
L1MA1,0.024522506,-0.029587075,0.9804358324433318,1.0,TE
LTR22B2,0.0152084995,-0.18876325,0.9878658408716113,1.0,TE
BSR/Beta,0.014368433,-0.090842046,0.988536043965141,1.0,TE
LTR21C,0.012295349,0.14134914,0.9901899783150279,1.0,TE
HSAT6,0.008501506,-0.09318144,0.9932168613527853,1.0,TE
MLT1M-int,0.0054294826,14.853929,0.9956679210863069,1.0,TE
U4,0.0013723028,0.0848704,0.9989050611985915,1.0,TE
GSAT,0.0013476375,0.0577865,0.9989247411438803,1.0,TE
LTR38,0.0009406621,-0.12855653,0.9992494603266595,1.0,TE
U1,0.0,0.0,1.0,1.0,TE
HERV-Fc2-int,-0.004059114,-0.35529646,0.9967613043140782,1.0,TE
MLT1O-int,-0.00706754,0.011719842,0.994360965642363,1.0,TE
U7,-0.00915876,-14.801694,0.992692468661674,1.0,TE
U2,-0.00915876,-13.952884,0.992692468661674,1.0,TE
MLT1E-int,-0.010157942,-0.8812213,0.991895274416228,1.0,TE
MER34B-int,-0.016194139,-0.05070263,0.9870795110606475,1.0,TE
UCON99,-0.02534105,-0.11383506,0.9797829307421593,1.0,TE
LTR35A,-0.03361162,-0.21512112,0.9731868537964441,1.0,TE
LTR3B,-0.0385316,-0.13231549,0.9692638369260491,1.0,TE
MER9B,-0.042107325,-0.1646335,0.9664131406322262,1.0,TE
LTR9C,-0.04556601,-0.16616084,0.963656159731878,1.0,TE
MER11D,-0.05279315,-0.14374654,0.957896719202437,1.0,TE
ACRO1,-0.05385472,-0.19834293,0.9570509124053398,1.0,TE
MER61D,-0.06067295,-0.14163925,0.9516196758045296,1.0,TE
U8,-0.062384278,-0.62950546,0.9502568159780418,1.0,TE
MER48,-0.06408521,-0.100846626,0.9489023810761146,1.0,TE
LTR1C,-0.07854867,-0.1601264,0.9373916146552838,1.0,TE
L1M2a,-0.07914402,-0.020550098,0.9369180686149842,1.0,TE
UCON86,-0.08016545,-0.05017721,0.9361056680162085,1.0,TE
UCON89,-0.08757516,-0.1694743,0.9302143458179107,1.0,TE
UCON39,-0.10210948,-0.18245645,0.9186697780825853,1.0,TE
LTR9B,-0.10935403,-0.056040175,0.9129216960522012,1.0,TE
MER61A,-0.11380174,-0.11394224,0.9093949602029576,1.0,TE
UCON97,-0.11661357,-0.17920424,0.9071662846669851,1.0,TE
LTR22C0,-0.11857711,-0.18881921,0.9056104006451541,1.0,TE
LTR24B,-0.120108284,-0.093142316,0.9043973687439915,1.0,TE
LTR12E,-0.12840497,-0.081240006,0.897828494951964,1.0,TE
MER102b,-0.13310224,0.0021243144,0.894112524152479,1.0,TE
MER85,-0.13333414,-0.048828345,0.8939291285186515,1.0,TE
CER,-0.13749869,-0.24759518,0.8906366311762275,1.0,TE
LTR2752,-0.14520389,-0.17723863,0.8845498916849477,1.0,TE
LTR34,-0.15439965,-0.13658279,0.8772946280529111,1.0,TE
MamRep38,-0.15700835,-0.043689173,0.8752382617735531,1.0,TE
LTR53-int,-0.15995343,-0.116420895,0.872917761189815,1.0,TE
LTR1C3,-0.16888222,-0.30464536,0.8658892835761494,1.0,TE
MER97d,-0.17285018,-0.16095321,0.862769199582563,1.0,TE
MER50,-0.1770077,-0.02668267,0.8595023379374405,1.0,TE
LTR1B0,-0.1812373,-0.20695502,0.856181319383368,1.0,TE
LTR76,-0.22047162,-0.17149304,0.8255038769852142,1.0,TE
LTR9A1,-0.22218826,-0.08757482,0.8241673311318114,1.0,TE
MER66C,-0.22333907,-0.13611023,0.8232716278609783,1.0,TE
MER6C,-0.22692011,-0.1103881,0.8204858666677313,1.0,TE
MLT1M,-0.22729589,-0.021959418,0.8201936701075458,1.0,TE
LTR06,-0.23558992,-0.37342405,0.813750898631181,1.0,TE
LTR27B,-0.25474364,-0.17736791,0.798921111742883,1.0,TE
LTR1C1,-0.28065947,-0.35704687,0.7789715893553792,1.0,TE
MER53,-0.2923232,-0.0075159143,0.7700395160479057,1.0,TE
L1PA12,-0.29872236,-0.024198014,0.7651518869571922,1.0,TE
MER57E1,-0.30765092,-0.09542305,0.7583479677602697,1.0,TE
U6,-0.3225378,-0.39934036,0.7470453007424961,1.0,TE
Eulor9C,-0.32324633,-0.1776206,0.7465086989583303,1.0,TE
LTR19C,-0.3820261,-0.24675319,0.7024420037707133,1.0,TE
AluYh3,-0.40826768,-0.0034268063,0.6830771695472302,1.0,TE
HERVFH21-int,-0.41263753,-0.14178254,0.679872207214271,1.0,TE
HERV30-int,-0.4334259,-0.2011824,0.6647053794874379,1.0,TE
U3,-0.4739133,-0.28860343,0.6355617237418656,1.0,TE
Tigger16a,-0.48758677,-0.005440231,0.6258425684262109,1.0,TE
HERVL18-int,-0.488658,-0.26672205,0.6250838343803657,1.0,TE
LTR75,-0.50010556,-0.11768547,0.6170007540642812,1.0,TE
LTR35,-0.5077602,-0.20288946,0.6116215074131917,1.0,TE
AluYi6,-0.51997745,-0.06556,0.603079280563398,1.0,TE
L1PA3,-0.5342538,-0.013889908,0.59316597394082,1.0,TE
MER58B,-0.5482723,-0.0031602958,0.5835049490878451,1.0,TE
LTR7,-0.55425143,-0.0033053102,0.5794067907376341,1.0,TE
MER74A,-0.5557362,-0.030121114,0.5783912270200195,1.0,TE
MLT1E1,-0.593832,-0.08356886,0.5526244720005486,1.0,TE
Tigger3,-0.61235,-0.017164916,0.540306212965459,1.0,TE
MER121B,-0.63401085,-0.35606924,0.526073731695085,1.0,TE
LTR1B,-0.65321684,-0.21538201,0.5136165111002344,1.0,TE
HERVL-int,-0.668332,-0.019263748,0.503921707699188,1.0,TE
LTR3A,-0.66937035,-0.1837839,0.5032592734906836,1.0,TE
MER58C,-0.67209387,-0.013140963,0.5015239214707565,1.0,TE
MER57A1,-0.6828375,-0.055480484,0.4947095206638512,1.0,TE
L1PB2,-0.6870243,-0.025437895,0.49206741002870447,1.0,TE
L1PA6,-0.6890408,-0.025518687,0.4907975876412497,1.0,TE
MER68B,-0.6952712,-0.08853118,0.48688536993589193,1.0,TE
TAR1,-0.7375683,-0.26104173,0.46077680430124035,1.0,TE
LTR7Y,-0.74283147,-0.1410964,0.45758373397840424,1.0,TE
MLT1C,-0.74948305,-0.014951006,0.45356610228300276,1.0,TE
MER4D1,-0.77279454,-0.0432357,0.4396439745009666,1.0,TE
MER41B,-0.7851854,-0.017772838,0.43234486030615826,1.0,TE
MER11C,-0.8436985,-0.038636405,0.398837918844403,1.0,TE
MER61F,-0.8888725,-0.28459743,0.3740716032150355,1.0,TE
MER75A,-0.9172406,-0.3655115,0.35901657489515926,1.0,TE
HERV9-int,-0.96963114,-0.17126495,0.3322303902906065,1.0,TE
ERVL47-int,-0.9751092,-0.3318117,0.32950608702105844,1.0,TE
MER52C,-0.9774611,-0.23165143,0.32834091986092684,1.0,TE
MLT1G-int,-0.98042214,-0.21332699,0.3268777831821238,1.0,TE
MLT1E2,-1.020409,-0.018883532,0.30753453195455227,1.0,TE
MER52D,-1.0304068,-0.19276449,0.30281905894481165,1.0,TE
Tigger4a,-1.0345987,0.0021821614,0.3008563515392231,1.0,TE
LTR1A1,-1.0625893,-0.18724468,0.28796822168802816,1.0,TE
L1P3,-1.1346468,-0.02455844,0.256523368582255,1.0,TE
MSTB1,-1.1709449,-0.014077092,0.2416209197326552,1.0,TE
L1P2,-1.1866909,-0.037922814,0.2353495381900157,1.0,TE
LTR47A,-1.203614,-0.12041122,0.22873882863151385,1.0,TE
Alu,-1.2136962,-0.017436057,0.22486375806979464,1.0,TE
L1PA17,-1.2249752,-0.01614057,0.2205845673876341,1.0,TE
MLT1H,-1.2344319,-0.014602062,0.2170420194555106,1.0,TE
LTR2,-1.2447506,-0.106983975,0.2132234328926258,1.0,TE
LTR39,-1.3276165,-0.1026482,0.18430485631527693,1.0,TE
MER41A,-1.4655535,-0.02906638,0.14276996159471775,1.0,TE
MER84-int,-1.473338,-0.2656587,0.14065990731652173,1.0,TE
MER44B,-1.492699,-0.03747849,0.13551599576263873,1.0,TE
MER39B,-1.4980308,-0.109274045,0.13412525176274556,1.0,TE
MER45B,-1.5088325,-0.083401054,0.13134160796189953,1.0,TE
LTR12B,-1.5098261,-0.23645532,0.1310878132168914,1.0,TE
L1PA8,-1.5548301,-0.024801081,0.11998653984592962,1.0,TE
MER41E,-1.5816394,-0.15870482,0.11373190314368889,1.0,TE
Harlequin-int,-1.5930195,-0.02915625,0.11115581092720511,1.0,TE
LTR81C,-1.6362332,-0.21617088,0.10179079968051681,1.0,TE
MER21-int,-1.691723,-0.109419785,0.09069879476300532,1.0,TE
MER61B,-1.6927875,-0.17116964,0.0904959220755837,1.0,TE
Tigger3a,-1.7008286,-0.014164296,0.08897517836686,1.0,TE
MLT1L,-1.7122111,-0.030188192,0.08685777468024664,1.0,TE
LTR16C,-1.7170094,-0.02974968,0.08597744850713276,1.0,TE
LTR13,-1.750844,-0.12753566,0.07997278349372385,1.0,TE
MLT1G3,-1.7563221,-0.03169439,0.07903342633153775,1.0,TE
MER44A,-1.8291237,-0.028717624,0.06738106681883489,0.9223271176025398,TE
HERVK-int,-1.8872076,-0.07763446,0.05913240662413633,0.8351801656639821,TE
MER96B,-1.9416487,-0.07858023,0.052179638577151875,0.7567376241891532,TE
AluYk4,-1.9533384,-0.031697832,0.05077951759701329,0.7414494952167147,TE
LTR5B,-1.9686673,-0.15993108,0.04899131319591562,0.7219707440497966,TE
MER52A,-1.9737458,-0.13371883,0.04841064667750119,0.7156619690873353,TE
LTR67B,-2.0169113,-0.050796468,0.04370476239293009,0.6602717792812788,TE
LTR8B,-2.0334256,-0.09089879,0.042009534896543466,0.6405303895846544,TE
MER65-int,-2.0396109,-0.067651026,0.041389101776312075,0.6330733924286446,TE
MER2,-2.0597816,-0.012432802,0.039419421320621595,0.6088920525538125,TE
LTR40c,-2.0612144,-0.21153742,0.039282591435238504,0.6072276427360295,TE
THE1B-int,-2.0744717,-0.031669974,0.03803552634672406,0.5929245486809178,TE
MLT1J2-int,-2.079966,-0.19592848,0.03752865447248186,0.5866286754878896,TE
AluYf1,-2.0939417,-0.019598085,0.03626517468279945,0.5707233004401077,TE
LTR6B,-2.1316307,-0.14047058,0.03303722897317921,0.529093924437283,TE
MLT1K,-2.1735163,-0.038254034,0.02974147377101339,0.48873815900748063,TE
AluYc,-2.213925,0.0004926533,0.02683394143937799,0.4501133239942357,TE
MER119,-2.2214909,-0.058257688,0.026317731637971232,0.4440189792379888,TE
MLT2D,-2.2900283,-0.036411975,0.022019670710384562,0.38438405953644555,TE
HERVH-int,-2.29924,-0.01891547,0.0214913084253846,0.37718679676435235,TE
Tigger2,-2.324055,-0.02874221,0.02012254792498785,0.3573406320998906,TE
MER112,-2.3525987,-0.027382864,0.018642745105705138,0.33514680735079844,TE
MER1A,-2.4291918,-0.046425328,0.01513252718803643,0.2819952292854463,TE
HERV17-int,-2.5861223,-0.14931919,0.009706250337676282,0.19433646260614257,TE
MamGypLTR1d,-2.6005669,-0.23094031,0.009306988787795449,0.1876100883346759,TE
L1PBa,-2.6104515,-0.061311368,0.009042278603799392,0.1830988354255448,TE
LTR16B1,-2.784015,-0.17847554,0.0053690542477209,0.11852593998377806,TE
LTR5A,-2.8405569,-0.15376338,0.00450348486321636,0.10207953334492335,TE
MLT1J2,-2.8598173,-0.053190455,0.00423885288384522,0.09713546891945386,TE
AluYe5,-2.9085138,-0.04698936,0.0036315121887756487,0.08546877165251057,TE
SST1,-2.929799,-0.40951866,0.0033918125625542533,0.08061473780598882,TE
MER21C,-2.9680114,-0.043228477,0.0029973315042351165,0.07247619300340961,TE
AluSx1,-2.978743,-0.0067562675,0.002894334341799835,0.07031133805665044,TE
LTR7B,-2.9875605,-0.060668167,0.002812135820275278,0.06871416586430049,TE
HERVIP10F-int,-2.9962404,-0.21162167,0.0027333096880076888,0.06720745104527853,TE
HERV9N-int,-3.0113876,-0.309595,0.00260056665582943,0.06444940726043102,TE
LTR36,-3.077388,-0.15916653,0.0020882330865889896,0.05311810438809857,TE
THE1B,-3.083482,-0.0354524,0.0020459350574850415,0.05227564326529174,TE
MER51A,-3.0844002,-0.15249956,0.002039630650847523,0.05219971401399027,TE
LTR62,-3.1011357,-0.23253223,0.001927799160195927,0.049723567387993016,TE
THE1C,-3.3962452,-0.05461495,0.0006831709094390283,0.02022747667640102,TE
L1PA11,-3.400657,-0.043528005,0.0006722411089853826,0.019922695231335483,TE
AluYm1,-3.4264,-0.023277324,0.0006116389630413647,0.01836118479803763,TE
AluYa8,-3.443601,-0.17518811,0.0005740225648136392,0.01731491945505022,TE
MLT1E1A,-3.5002468,-0.07389345,0.0004648275898416041,0.014388297100378625,TE
LTR10F,-3.630898,-0.21236673,0.00028243680150203407,0.0093525095406469,TE
MER1B,-3.8487039,-0.05636952,0.00011874446534748384,0.004260858819292789,TE
L1PA2,-3.9690676,-0.050933722,7.21544481092245e-05,0.0027150440411357504,TE
AluSg4,-4.0820293,-0.019361055,4.464419507717035e-05,0.001758016006146951,TE
Tigger13a,-4.227807,-0.041754805,2.3598020432351717e-05,0.0009765122708766628,TE
MLT1J-int,-4.2418957,-0.22079478,2.216398667437377e-05,0.0009208195816552991,TE
AluSq4,-4.302182,-0.03869198,1.6912407356383166e-05,0.0007198228486988871,TE
AluSx3,-4.340778,-0.014208288,1.4197912819668124e-05,0.0006092557781267313,TE
AluYc3,-4.958292,-0.10749933,7.111564035714545e-07,3.750392242437306e-05,TE
Charlie8,-5.0422707,-0.07888296,4.600401298880989e-07,2.499737569611386e-05,TE
MER41-int,-5.314663,-0.09746467,1.0685482241341315e-07,6.381850790298138e-06,TE
Charlie15a,-5.424819,-0.09983276,5.801329237988266e-08,3.5738355760983565e-06,TE
LTR8,-5.55775,-0.120101735,2.7327434179963297e-08,1.7488162194166298e-06,TE
AluSq,-5.599319,-0.022393927,2.1519537449459374e-08,1.3971197313430873e-06,TE
LTR12C,-5.603612,-0.121072136,2.0993030955181496e-08,1.3673439989166334e-06,TE
LTR16A,-5.615127,-0.13196176,1.9641759572229926e-08,1.2872132625102272e-06,TE
L1PA5,-6.2799716,-0.046587072,3.386344396975343e-10,2.6511765873186774e-08,TE
GSATII,-6.347563,-0.36091018,2.1875296487768795e-10,1.7548133165879675e-08,TE
L1PA10,-6.3544207,-0.074818276,2.0921348945512399e-10,1.6869284849231625e-08,TE
AluSx4,-6.534325,-0.025819337,6.38969948316089e-11,5.446545065571604e-09,TE
LTR29,-7.124593,-0.19544242,1.0438883382516765e-12,1.0480873121763747e-10,TE
L1PA7,-7.3545127,-0.047118098,1.9162463574738348e-13,2.0663468251651156e-11,TE
AluSg7,-7.425287,-0.037031643,1.125358875569117e-13,1.2347611018087699e-11,TE
FAM,-7.4858055,-0.07534869,7.110971208338278e-14,7.927214540455541e-12,TE
MER101,-7.6626215,-0.37882924,1.8217557005839838e-14,2.109700857620835e-12,TE
L1HS,-7.877145,-0.11966554,3.3494680728675712e-15,4.0511105064329386e-13,TE
AluSg,-8.142993,-0.027084867,3.8562522531763256e-16,5.0020302259575565e-14,TE
FRAM,-8.245844,-0.06313429,1.6399928421241427e-16,2.1907716748810162e-14,TE
AluJr4,-8.460226,-0.033576004,2.668595357222752e-17,3.723611753348834e-15,TE
AluSz6,-8.634627,-0.022670794,5.891856055639351e-18,8.644746457654824e-16,TE
AluSc5,-8.719887,-0.050706018,2.784811369288369e-18,4.154076597554419e-16,TE
AluSz,-8.931289,-0.025583437,4.210756281741673e-19,6.578755406668268e-17,TE
AluSq10,-9.376342,-0.13344818,6.83013969892253e-21,1.185360338717993e-18,TE
AluSp,-9.815528,-0.032138247,9.653106334777082e-23,1.849470229297e-20,TE
AluYg6,-9.86536,-0.18812244,5.882298092186678e-23,1.1409655039429958e-20,TE
AluSc,-10.551252,-0.031281486,5.012465312461574e-26,1.0866296342250175e-23,TE
MER57-int,-10.616282,-0.26842308,2.5033416399328327e-26,5.4646988530812515e-24,TE
MER30,-10.96591,-0.120513566,5.573675783777975e-28,1.2885474595183538e-25,TE
MER61-int,-11.257466,-0.19191946,2.127893920347096e-29,5.2902651588756315e-27,TE
MER31B,-11.356329,-0.2760276,6.898309609447425e-30,1.7568536395995553e-27,TE
AluSx,-11.431866,-0.037556916,2.8981291386124978e-30,7.661210492118632e-28,TE
AluJo,-11.703908,-0.032987412,1.2171615349508755e-31,3.43497240208141e-29,TE
AluSq2,-12.253967,-0.037696917,1.599738459762304e-34,4.986329066794433e-32,TE
AluSc8,-12.265748,-0.043780115,1.383293256572094e-34,4.3550103425878527e-32,TE
AluYj4,-12.52448,-0.1347743,5.485004375070282e-36,1.7991675869242315e-33,TE
AluY,-13.246932,-0.037452735,4.700291837794385e-40,1.7633412211356648e-37,TE
AluYa5,-13.280797,-0.10350724,2.9919191867744994e-40,1.1360407816400555e-37,TE
AluYb8,-13.549434,-0.1316115,7.984385145385604e-42,3.146098828575808e-39,TE
AluJr,-16.306606,-0.042485926,8.857812853337755e-60,5.336065702639075e-57,TE
AluJb,-17.884314,-0.04318258,1.5626474838211898e-71,1.2714471105049528e-68,TE
