names,scores,logfoldchanges,pvals,pvals_adj,TE_subfamily,TE_family,TE_class
L2,3.391104,0.2366712,0.0006961166459393895,0.19992461153562327,L2,LINE-2,LINE
L1MEc,3.316727,0.27543154,0.000910786242154174,0.19992461153562327,L1MEc,LINE-1,LINE
MER20B,3.2928834,0.86698437,0.0009916559183417058,0.19992461153562327,MER20B,LTR,LTR
HERVH-int,3.2619226,0.68486094,0.0011065937907875827,0.19992461153562327,HERVH-int,Unknown,Unknown
L1MA2,3.127403,0.49466708,0.0017635804762022637,0.23389834559191827,L1MA2,LINE-1,LINE
L2b,3.0676165,0.124035515,0.0021577338154236004,0.23389834559191827,L2b,LINE-2,LINE
L1PB4,3.00178,0.6592966,0.0026840596861575474,0.2645018817995256,L1PB4,LINE-1,LINE
L1PREC2,2.9697516,0.45017067,0.002980405978512012,0.2692300067255851,L1PREC2,LINE-1,LINE
HAL1,2.924556,0.2255462,0.0034494811734604286,0.28763366092546955,HAL1,Unknown,Unknown
L1M4,2.7683282,0.18530579,0.00563446999617578,0.40718436505696975,L1M4,LINE-1,LINE
L1P4,2.6754456,0.76207125,0.007463000216731404,0.49125056899599057,L1P4,LINE-1,LINE
L1MD1,2.6647694,0.37415418,0.007704114089420516,0.49125056899599057,L1MD1,LINE-1,LINE
THE1D,2.523844,0.5296597,0.011607940906329607,0.6990559968034052,THE1D,Unknown,Unknown
L1PA15,2.4953742,0.37923777,0.01258243273674646,0.7178608992964823,L1PA15,LINE-1,LINE
L1ME1,2.460143,0.30043104,0.01388816774380876,0.7524837838171046,L1ME1,LINE-1,LINE
L1M4c,2.4427052,0.47353435,0.014577637878375642,0.7524837838171046,L1M4c,LINE-1,LINE
MLT2B1,2.374022,1.0381491,0.017595504275148575,0.8669784833755025,MLT2B1,LTR,LTR
MER11A,2.265481,1.0810827,0.023483178623653195,1.0,MER11A,LTR,LTR
L1MA6,2.2081857,0.5010344,0.02723133690833086,1.0,L1MA6,LINE-1,LINE
L1ME2,2.190748,0.42464444,0.028470041743125344,1.0,L1ME2,LINE-1,LINE
L1MA3,2.154093,0.15768737,0.03123287372270651,1.0,L1MA3,LINE-1,LINE
L1MC2,2.1437728,0.33700064,0.032051096968476585,1.0,L1MC2,LINE-1,LINE
L1MB7,2.1323848,0.25597703,0.03297521919993778,1.0,L1MB7,LINE-1,LINE
MLT1C-int,2.1217086,2.2698085,0.03386220570342657,1.0,MLT1C-int,LTR,LTR
L2a,2.0743778,0.08947251,0.038044242106721936,1.0,L2a,LINE-2,LINE
MER21C,1.9811393,0.48850957,0.04757565500353903,1.0,MER21C,LTR,LTR
L1MCc,1.9786482,0.6111029,0.04785563019285484,1.0,L1MCc,LINE-1,LINE
MER63B,1.9672602,0.9416719,0.049153211165048345,1.0,MER63B,LTR,LTR
L3,1.9494667,0.25385293,0.051239717492571966,1.0,L3,Unknown,Unknown
MER106A,1.9256233,0.9694394,0.054151431772483175,1.0,MER106A,LTR,LTR
L1MEd,1.9213527,0.04815046,0.05468724481210662,1.0,L1MEd,LINE-1,LINE
THE1D-int,1.9213527,0.71235144,0.05468724481210662,1.0,THE1D-int,Unknown,Unknown
L1MEj,1.8943065,0.47223663,0.05818433482364484,1.0,L1MEj,LINE-1,LINE
L1MC,1.8882567,0.42266652,0.05899149641975342,1.0,L1MC,LINE-1,LINE
MER3,1.8572959,0.37210253,0.06326907536579651,1.0,MER3,LTR,LTR
L1M1,1.8427051,0.15141554,0.06537208001055465,1.0,L1M1,LINE-1,LINE
THE1C-int,1.8405699,0.9742542,0.0656846177791036,1.0,THE1C-int,Unknown,Unknown
L1MB1,1.7992887,0.35225144,0.07197302275031753,1.0,L1MB1,LINE-1,LINE
MER5A,1.7733101,0.3143823,0.07617734337674832,1.0,MER5A,LTR,LTR
L2c,1.7725983,0.06388805,0.07629529135320222,1.0,L2c,LINE-2,LINE
MER41B,1.770819,0.6199997,0.07659081301783631,1.0,MER41B,LTR,LTR
MER92B,1.7665485,1.2278413,0.07730387397380337,1.0,MER92B,LTR,LTR
LTR37-int,1.7647691,0.4629933,0.07760257476410612,1.0,LTR37-int,LTR,LTR
MLT1G1,1.7537371,0.72139275,0.0794755655139162,1.0,MLT1G1,LTR,LTR
L1MA9,1.7480432,0.11452568,0.08045655632943481,1.0,L1MA9,LINE-1,LINE
MLT2A2,1.7395022,0.78709745,0.08194646208139937,1.0,MLT2A2,LTR,LTR
Harlequin-int,1.7302495,0.57086414,0.0835856991928012,1.0,Harlequin-int,Unknown,Unknown
MLT1H1,1.7241998,0.61199,0.08467179377824727,1.0,MLT1H1,LTR,LTR
L1PA8,1.712456,0.40578946,0.08681267583728085,1.0,L1PA8,LINE-1,LINE
MER4A1,1.6832744,0.7253628,0.09232197458755727,1.0,MER4A1,LTR,LTR
L1PA11,1.6807834,0.39967844,0.0928050050472322,1.0,L1PA11,LINE-1,LINE
L1PB1,1.6768688,0.07154604,0.0935681497632564,1.0,L1PB1,LINE-1,LINE
L1PB2,1.6665485,0.44868332,0.09560422362436674,1.0,L1PB2,LINE-1,LINE
L1MA10,1.6580075,0.42788565,0.09731594502335239,1.0,L1MA10,LINE-1,LINE
L1P3,1.648399,0.4091815,0.09927082232713105,1.0,L1P3,LINE-1,LINE
L1PA7,1.6302495,0.18010399,0.10304877105033415,1.0,L1PA7,LINE-1,LINE
L1MDa,1.623488,0.21366097,0.10448513600581186,1.0,L1MDa,LINE-1,LINE
MLT1A,1.6185057,0.42751557,0.10555364908183514,1.0,MLT1A,LTR,LTR
LTR79,1.603915,0.58006984,0.10873279063556242,1.0,LTR79,LTR,LTR
HERVL-int,1.5975093,0.514674,0.11015222598870338,1.0,HERVL-int,Unknown,Unknown
MamRep605,1.559431,0.56086093,0.11889440388625147,1.0,MamRep605,Unknown,Unknown
ERVL-B4-int,1.5409256,0.5914915,0.1233348805607441,1.0,ERVL-B4-int,Unknown,Unknown
L1MEg,1.5313171,0.1683311,0.12569103792881844,1.0,L1MEg,LINE-1,LINE
L1MA4A,1.5263349,0.21932971,0.12692647973709495,1.0,L1MA4A,LINE-1,LINE
L1PA8A,1.5252672,0.32683352,0.12719244283044934,1.0,L1PA8A,LINE-1,LINE
HAL1b,1.5053384,0.35694358,0.1322370821313769,1.0,HAL1b,Unknown,Unknown
L2-1_AMi,1.4985769,0.59886414,0.13398343119422917,1.0,L2-1_AMi,LINE-2,LINE
L1ME3E,1.4921712,0.41416407,0.13565427124193236,1.0,L1ME3E,LINE-1,LINE
L1M4a1,1.4871889,0.4002634,0.13696490344512335,1.0,L1M4a1,LINE-1,LINE
MLT1I,1.4526694,0.31971797,0.1463155649985132,1.0,MLT1I,LTR,LTR
L1MC4,1.4416374,0.05426529,0.1494046987168666,1.0,L1MC4,LINE-1,LINE
L1ME3B,1.4380786,0.2631087,0.15041173789982004,1.0,L1ME3B,LINE-1,LINE
MER63A,1.420641,0.49045545,0.1554211733397295,1.0,MER63A,LTR,LTR
Charlie8,1.4056944,0.41457227,0.15981491842666962,1.0,Charlie8,Unknown,Unknown
LTR25-int,1.4053384,1.0599333,0.15992066459330134,1.0,LTR25-int,LTR,LTR
Plat_L3,1.3960857,0.4491009,0.16268867056556824,1.0,Plat_L3,Unknown,Unknown
L1M2c,1.3932388,0.8452854,0.1635475942936625,1.0,L1M2c,LINE-1,LINE
L1ME4c,1.3921711,0.21936846,0.1638705704335508,1.0,L1ME4c,LINE-1,LINE
MER77,1.3918153,0.8231035,0.16397833588481348,1.0,MER77,LTR,LTR
Alu,1.3747334,0.39484587,0.169214098656291,1.0,Alu,Alu,SINE
L1PB3,1.364769,0.29124573,0.17232565591549265,1.0,L1PB3,LINE-1,LINE
L1M7,1.3594309,0.31802884,0.17401006943522768,1.0,L1M7,LINE-1,LINE
Charlie19a,1.3590751,0.41021106,0.1741227994064345,1.0,Charlie19a,Unknown,Unknown
L1MEf,1.345552,0.13333115,0.17844705919019055,1.0,L1MEf,LINE-1,LINE
L1M5,1.3409256,-0.024217296,0.1799446074681158,1.0,L1M5,LINE-1,LINE
L1M4b,1.3359433,0.29562396,0.18156777435011406,1.0,L1M4b,LINE-1,LINE
X6A_LINE,1.3274025,0.98596406,0.18437558259534448,1.0,X6A_LINE,Unknown,Unknown
AluYd8,1.3167263,1.0241178,0.18793038053249544,1.0,AluYd8,Alu,SINE
L1MA7,1.3003561,0.29047567,0.1934789140211337,1.0,L1MA7,LINE-1,LINE
MER6B,1.2935946,0.9693371,0.1958054770395169,1.0,MER6B,LTR,LTR
Charlie1a,1.286833,0.017747842,0.19815247904959377,1.0,Charlie1a,Unknown,Unknown
Tigger14a,1.2829185,0.6114498,0.19952063968133116,1.0,Tigger14a,Unknown,Unknown
Charlie25,1.278648,0.5389697,0.20102103511603497,1.0,Charlie25,Unknown,Unknown
LTR50,1.2758011,0.5511073,0.20202586165781045,1.0,LTR50,LTR,LTR
ERVL-E-int,1.2754451,0.38660932,0.20215172195688758,1.0,ERVL-E-int,Unknown,Unknown
L1PA15-16,1.2750893,0.40116033,0.20227763939631527,1.0,L1PA15-16,LINE-1,LINE
MLT1G,1.2729541,0.48708346,0.20303434453885572,1.0,MLT1G,LTR,LTR
L1MEi,1.2580074,0.27417704,0.20838906698982151,1.0,L1MEi,LINE-1,LINE
Arthur1B,1.2569398,0.4980177,0.20877542794511406,1.0,Arthur1B,Unknown,Unknown
L1PA13,1.2548046,0.2222649,0.2095497065616454,1.0,L1PA13,LINE-1,LINE
L1PA14,1.2391462,0.28445122,0.21529135234072816,1.0,L1PA14,LINE-1,LINE
Tigger1,1.2387904,0.11138953,0.21542314876517266,1.0,Tigger1,Unknown,Unknown
MER68,1.2380786,0.45563525,0.21568691596907297,1.0,MER68,LTR,LTR
L1PBa,1.2359433,0.2985387,0.21647961306172492,1.0,L1PBa,LINE-1,LINE
MER6A,1.2348758,0.51419747,0.2168767470050733,1.0,MER6A,LTR,LTR
MSTA-int,1.2338082,0.45808,0.21727440486433425,1.0,MSTA-int,Unknown,Unknown
MER121,1.2170821,0.82159334,0.22357295808181887,1.0,MER121,LTR,LTR
AluYg6,1.2071178,0.31978688,0.22738680253310894,1.0,AluYg6,Alu,SINE
LTR85b,1.2056942,2.4120681,0.22793540077732244,1.0,LTR85b,LTR,LTR
MER66B,1.203559,0.72409314,0.22876006523096626,1.0,MER66B,LTR,LTR
MER115,1.195374,0.8319808,0.23194095169556295,1.0,MER115,LTR,LTR
L1MA5,1.1918153,0.29813033,0.2333336954002012,1.0,L1MA5,LINE-1,LINE
LTR65,1.18968,2.9360416,0.23417218257242334,1.0,LTR65,LTR,LTR
MER117,1.1711746,0.36872694,0.24152857306586872,1.0,MER117,LTR,LTR
ERV3-16A3_I-int,1.1690395,0.5326652,0.2423877406302708,1.0,ERV3-16A3_I-int,Unknown,Unknown
MLT1E3,1.1683277,0.560455,0.24267460692670473,1.0,MLT1E3,LTR,LTR
LTR32,1.1679718,1.1509417,0.24281812956270044,1.0,LTR32,LTR,LTR
L1MD2,1.1612103,0.33872962,0.24555640392503797,1.0,L1MD2,LINE-1,LINE
L1MCa,1.1565839,0.22639649,0.24744239385960798,1.0,L1MCa,LINE-1,LINE
MER67C,1.1523135,0.7254769,0.249192288236189,1.0,MER67C,LTR,LTR
L1ME5,1.1516017,0.30469278,0.24948477626609744,1.0,L1ME5,LINE-1,LINE
MER30B,1.1466196,1.0401118,0.2515389105369601,1.0,MER30B,LTR,LTR
L1MC3,1.1444843,0.1369782,0.2524228553718174,1.0,L1MC3,LINE-1,LINE
Tigger3a,1.1444843,0.30524683,0.2524228553718174,1.0,Tigger3a,Unknown,Unknown
L1MDb,1.1302494,0.5018919,0.2583711507668057,1.0,L1MDb,LINE-1,LINE
MER68B,1.120285,0.77408963,0.26259234003566134,1.0,MER68B,LTR,LTR
MIR1_Amn,1.1192174,0.25796536,0.2630474188635037,1.0,MIR1_Amn,Unknown,Unknown
MER21B,1.1181498,0.31973922,0.2635030417873899,1.0,MER21B,LTR,LTR
MLT1J2-int,1.1135234,1.3351631,0.265483698286492,1.0,MLT1J2-int,LTR,LTR
Tigger9b,1.1014237,0.3935619,0.27071226634668266,1.0,Tigger9b,Unknown,Unknown
MER77B,1.0964415,0.5515076,0.2728855852835741,1.0,MER77B,LTR,LTR
L1PA10,1.0935946,0.11462869,0.2741328260671707,1.0,L1PA10,LINE-1,LINE
L1ME2z,1.0854095,0.22158188,0.2777403144486179,1.0,L1ME2z,LINE-1,LINE
Cheshire,1.0686835,0.37140343,0.2852122887663202,1.0,Cheshire,Unknown,Unknown
MER57A1,1.0612103,0.44789386,0.28859436986252607,1.0,MER57A1,LTR,LTR
MSTD-int,1.059075,0.88718396,0.2895656238474572,1.0,MSTD-int,Unknown,Unknown
MER8,1.0572957,0.310803,0.2903766818223855,1.0,MER8,LTR,LTR
MLT2C2,1.0555162,0.5276755,0.2911892670841405,1.0,MLT2C2,LTR,LTR
MamGypsy2-I,1.0523134,0.51362354,0.2926557702648339,1.0,MamGypsy2-I,Unknown,Unknown
MLT2A1,1.0377227,0.38464254,0.29939918159874457,1.0,MLT2A1,LTR,LTR
HERVIP10B3-int,1.0266906,0.5037173,0.30456615267665277,1.0,HERVIP10B3-int,Unknown,Unknown
THE1B,1.0245554,0.2036899,0.3055730086628854,1.0,THE1B,Unknown,Unknown
CR1-3_Croc,1.0234878,0.47585937,0.3060772635439597,1.0,CR1-3_Croc,Unknown,Unknown
LTR16C,1.0217085,0.33561096,0.3069189134618978,1.0,LTR16C,LTR,LTR
HERV17-int,1.019929,0.55444217,0.3077620948797557,1.0,HERV17-int,Unknown,Unknown
AluYc3,1.0142351,0.26451322,0.3104705683436505,1.0,AluYc3,Alu,SINE
L1M3e,1.0135233,0.47278538,0.31081023044372613,1.0,L1M3e,LINE-1,LINE
Tigger1a_Art,1.0103205,1.504952,0.31234174319578933,1.0,Tigger1a_Art,Unknown,Unknown
MLT1H2,1.0099647,0.30394068,0.31251221768388004,1.0,MLT1H2,LTR,LTR
MLT1N2,1.0081853,0.32552916,0.3133655093720824,1.0,MLT1N2,LTR,LTR
L1MA1,0.9967974,0.20314638,0.3188628578797742,1.0,L1MA1,LINE-1,LINE
MLT1L,0.9943063,0.254084,0.32007376869641857,1.0,MLT1L,LTR,LTR
Tigger19b,0.9857654,0.30101666,0.3242482608337679,1.0,Tigger19b,Unknown,Unknown
ERV24B_Prim-int,0.98469776,0.45512518,0.3247725541879858,1.0,ERV24B_Prim-int,Unknown,Unknown
MIR,0.9779362,-0.017398678,0.3281058842525406,1.0,MIR,Unknown,Unknown
L1M3a,0.9733099,0.55013597,0.330399325895944,1.0,L1M3a,LINE-1,LINE
L1HS,0.9654807,0.13279633,0.33430411247455116,1.0,L1HS,LINE-1,LINE
MER110-int,0.96049845,0.79060507,0.3368044037067459,1.0,MER110-int,LTR,LTR
Tigger3d,0.9601426,0.59735096,0.33698345493167403,1.0,Tigger3d,Unknown,Unknown
Tigger20a,0.9587191,0.30780312,0.3377002717142987,1.0,Tigger20a,Unknown,Unknown
MLT1D-int,0.9558721,0.6120675,0.3391368419364078,1.0,MLT1D-int,LTR,LTR
MLT1J1,0.95302516,0.33059302,0.34057732688305664,1.0,MLT1J1,LTR,LTR
LTR16A1,0.9498223,0.47163826,0.34220255047037595,1.0,LTR16A1,LTR,LTR
MER9a3,0.94875467,0.89310205,0.342745392119572,1.0,MER9a3,LTR,LTR
MER57A-int,0.94697535,0.40833324,0.3436513506726985,1.0,MER57A-int,LTR,LTR
MER39B,0.9437725,0.6519453,0.3452859260117541,1.0,MER39B,LTR,LTR
LTR16E2,0.939502,0.4294234,0.3474730569836456,1.0,LTR16E2,LTR,LTR
MamRep1527,0.9338081,0.9599174,0.35040290819437314,1.0,MamRep1527,Unknown,Unknown
MER1A,0.931317,0.26889715,0.3516896304678393,1.0,MER1A,LTR,LTR
MER4E,0.92526716,0.5306546,0.3548269678896634,1.0,MER4E,LTR,LTR
MIRc,0.9202849,0.11407371,0.35742388181558016,1.0,MIRc,Unknown,Unknown
LTR16B2,0.9181497,0.5161059,0.3585404988632648,1.0,LTR16B2,LTR,LTR
LTR7C,0.917438,1.1797197,0.35891319152591616,1.0,LTR7C,LTR,LTR
Ricksha,0.9099646,0.7160428,0.36284115636367087,1.0,Ricksha,Unknown,Unknown
MLT1O,0.9081853,0.28028023,0.3637803380421638,1.0,MLT1O,LTR,LTR
Kanga1d,0.90249133,0.87400293,0.36679592403451355,1.0,Kanga1d,Unknown,Unknown
MLT2B2,0.9000002,0.5032834,0.3681201293795583,1.0,MLT2B2,LTR,LTR
HERVK9-int,0.89857674,0.34932145,0.36887815270120783,1.0,HERVK9-int,Unknown,Unknown
L1MA8,0.8982209,0.18808374,0.36906781013972123,1.0,L1MA8,LINE-1,LINE
LTR16B1,0.89323866,0.40205744,0.3717293787103306,1.0,LTR16B1,LTR,LTR
AluYb8,0.8875447,0.32798836,0.3747857066743915,1.0,AluYb8,Alu,SINE
MLT1C,0.8875447,0.22280645,0.3747857066743915,1.0,MLT1C,LTR,LTR
L1M8,0.8861212,0.26575837,0.3755522089641592,1.0,L1M8,LINE-1,LINE
Tigger15a,0.88469774,0.22591853,0.3763196787166413,1.0,Tigger15a,Unknown,Unknown
MER57-int,0.8814949,0.41844904,0.37805002119792785,1.0,MER57-int,LTR,LTR
MER47A,0.8786479,0.24735978,0.3795922105294125,1.0,MER47A,LTR,LTR
MER131,0.86690414,0.4464515,0.3859945381661499,1.0,MER131,LTR,LTR
L1PBa1,0.86654824,0.2844504,0.38618957190116177,1.0,L1PBa1,LINE-1,LINE
L1PA3,0.86334544,0.1265931,0.3879475816953166,1.0,L1PA3,LINE-1,LINE
AluYh3a3,0.8597867,0.4268013,0.3899066349851301,1.0,AluYh3a3,Alu,SINE
Ricksha_0,0.85871905,0.54876643,0.39049552192402526,1.0,Ricksha_0,Unknown,Unknown
LTR40b,0.85693973,0.3158007,0.39147820035380276,1.0,LTR40b,LTR,LTR
AluYb9,0.85658383,0.3297485,0.3916749160104105,1.0,AluYb9,Alu,SINE
LTR6B,0.856228,0.7151822,0.39187169164181546,1.0,LTR6B,LTR,LTR
Tigger16b,0.8544486,0.31257161,0.39285646918768835,1.0,Tigger16b,Unknown,Unknown
L3b,0.8544486,0.20797423,0.39285646918768835,1.0,L3b,Unknown,Unknown
Kanga1c,0.84911054,0.28445065,0.395819788621005,1.0,Kanga1c,Unknown,Unknown
PABL_A,0.84875464,1.1069604,0.3960178221620714,1.0,PABL_A,Unknown,Unknown
L1MEb,0.8462636,0.21042725,0.39740573164579585,1.0,L1MEb,LINE-1,LINE
Kanga2_a,0.839502,0.24981648,0.40118767184455517,1.0,Kanga2_a,Unknown,Unknown
ERV24_Prim-int,0.83345217,1.8119985,0.4045897632118034,1.0,ERV24_Prim-int,Unknown,Unknown
LTR82B,0.8320287,0.58265793,0.40539275599312163,1.0,LTR82B,LTR,LTR
Tigger6a,0.8277582,0.2365193,0.40780744200414343,1.0,Tigger6a,Unknown,Unknown
MER61A,0.82135254,0.47565788,0.4114454993741803,1.0,MER61A,LTR,LTR
Tigger5,0.80960876,1.1912878,0.4181650798395635,1.0,Tigger5,Unknown,Unknown
HERVK11-int,0.8078294,0.83377296,0.41918880594962293,1.0,HERVK11-int,Unknown,Unknown
MER44B,0.8007119,0.1999859,0.42329842482465074,1.0,MER44B,LTR,LTR
LTR12D,0.797865,1.0848151,0.42494885310309727,1.0,LTR12D,LTR,LTR
MLT2C1,0.7861212,0.3820741,0.43179648795031855,1.0,MLT2C1,LTR,LTR
L1P4a,0.7843418,0.22066969,0.43283955766319626,1.0,L1P4a,LINE-1,LINE
LTR54,0.7843418,0.4113074,0.43283955766319626,1.0,LTR54,LTR,LTR
L1PA17,0.78185076,0.112882614,0.4343023023180925,1.0,L1PA17,LINE-1,LINE
LTR41,0.77935964,0.2845607,0.4357678986935848,1.0,LTR41,LTR,LTR
LTR49-int,0.7629895,0.20316073,0.4454696476853539,1.0,LTR49-int,LTR,LTR
THE1A-int,0.7619219,0.27077696,0.44610661771858307,1.0,THE1A-int,Unknown,Unknown
MER74B,0.75978667,0.15579711,0.44738211252252,1.0,MER74B,LTR,LTR
LTR53,0.7594308,0.8303871,0.44759489639772354,1.0,LTR53,LTR,LTR
MamRep1151,0.75729555,0.40434217,0.4488728070589322,1.0,MamRep1151,Unknown,Unknown
MER85,0.75338095,0.43419933,0.4512210126662074,1.0,MER85,LTR,LTR
L1M2b,0.7501781,3.469849,0.453147431134425,1.0,L1M2b,LINE-1,LINE
MER34C2,0.7451959,0.77974814,0.45615329003003924,1.0,MER34C2,LTR,LTR
HERV15-int,0.74234897,2.3830068,0.45787594569953705,1.0,HERV15-int,Unknown,Unknown
LTR24,0.7405696,1.1537112,0.4589544566619943,1.0,LTR24,LTR,LTR
MER104,0.73985785,0.1966216,0.4593862593307524,1.0,MER104,LTR,LTR
L1PA4,0.7306052,0.10344968,0.4650203549153029,1.0,L1PA4,LINE-1,LINE
LTR81B,0.72953755,0.3420505,0.465672906287829,1.0,LTR81B,LTR,LTR
MSTB1,0.7263347,0.22709234,0.4676336096965945,1.0,MSTB1,Unknown,Unknown
UCON78,0.7188614,1.72438,0.47222632663106023,1.0,UCON78,Unknown,Unknown
MER58A,0.7188614,0.15308674,0.47222632663106023,1.0,MER58A,LTR,LTR
MER61-int,0.7145909,0.19677517,0.47486185189481767,1.0,MER61-int,LTR,LTR
L1PBb,0.71423507,0.7112733,0.4750818429158179,1.0,L1PBb,LINE-1,LINE
HERVK22-int,0.71174395,0.71851057,0.47662334515742133,1.0,HERVK22-int,Unknown,Unknown
MER101-int,0.7046265,0.16825496,0.4810426944958518,1.0,MER101-int,LTR,LTR
L1MC5,0.7024913,0.06314266,0.48237283719593393,1.0,L1MC5,LINE-1,LINE
ORSL,0.6960856,0.40882927,0.48637523304881936,1.0,ORSL,Unknown,Unknown
LTR2B,0.69430625,1.7309589,0.4874901875388594,1.0,LTR2B,LTR,LTR
Chap1_Mam,0.69395036,0.3850012,0.4877133438900654,1.0,Chap1_Mam,Unknown,Unknown
LTR16A2,0.69395036,0.39211616,0.4877133438900654,1.0,LTR16A2,LTR,LTR
MER52-int,0.68754464,1.2777656,0.4917395689318802,1.0,MER52-int,LTR,LTR
LTR61,0.6825625,0.64472896,0.49488336815406075,1.0,LTR61,LTR,LTR
AluYh9,0.67758024,1.1581252,0.4980378765699923,1.0,AluYh9,Alu,SINE
LTR41B,0.6768685,0.79888356,0.49848939240362533,1.0,LTR41B,LTR,LTR
LTR16D1,0.6693952,25.858349,0.5032434208056025,1.0,LTR16D1,LTR,LTR
MER92D,0.6693952,25.95569,0.5032434208056025,1.0,MER92D,LTR,LTR
Helitron2Na_Mam,0.66868347,0.63944376,0.5036974311861526,1.0,Helitron2Na_Mam,Unknown,Unknown
CR1-12_AMi,0.66619235,1.3558862,0.5052881686993764,1.0,CR1-12_AMi,Unknown,Unknown
Tigger6b,0.6604984,0.72604275,0.5089340526527775,1.0,Tigger6b,Unknown,Unknown
MamRep1879,0.65978664,0.4906764,0.509390755426805,1.0,MamRep1879,Unknown,Unknown
Charlie17a,0.6551603,0.1940744,0.5123645464645911,1.0,Charlie17a,Unknown,Unknown
Charlie1,0.65409267,0.13809133,0.5130520892289725,1.0,Charlie1,Unknown,Unknown
UCON8,0.65409267,1.4961088,0.5130520892289725,1.0,UCON8,Unknown,Unknown
CR1-16_AMi,0.6530251,0.6003626,0.5137401122856977,1.0,CR1-16_AMi,Unknown,Unknown
Tigger17,0.65195745,1.522085,0.5144286151855226,1.0,Tigger17,Unknown,Unknown
L1MB2,0.64946634,-0.015348616,0.5160369854742096,1.0,L1MB2,LINE-1,LINE
MER66-int,0.6491105,0.3198289,0.5162669653863551,1.0,MER66-int,LTR,LTR
L1MB3,0.6466194,0.23779394,0.5178783115091161,1.0,L1MB3,LINE-1,LINE
MER31B,0.6430607,0.30358425,0.5201847392053548,1.0,MER31B,LTR,LTR
MamTip1,0.64199305,0.44474718,0.5208776987210431,1.0,MamTip1,Unknown,Unknown
LTR36,0.64199305,0.24094227,0.5208776987210431,1.0,LTR36,LTR,LTR
LTR90A,0.6398578,2.0414128,0.522265042643054,1.0,LTR90A,LTR,LTR
Ricksha_a,0.6395019,0.34380203,0.5224964511369032,1.0,Ricksha_a,Unknown,Unknown
LTR81C,0.6362991,1.7444097,0.5245814956538106,1.0,LTR81C,LTR,LTR
MER90,0.63451976,0.8063502,0.5257416925045348,1.0,MER90,LTR,LTR
MSTB2,0.63451976,0.21616052,0.5257416925045348,1.0,MSTB2,Unknown,Unknown
MER65C,0.63416386,0.46347022,0.5259738892225785,1.0,MER65C,LTR,LTR
L1MEa,0.633808,0.13510348,0.5262061383489564,1.0,L1MEa,LINE-1,LINE
LTR33C,0.63024926,0.82140887,0.5285315081926136,1.0,LTR33C,LTR,LTR
Charlie1b,0.62811404,0.17945582,0.5299292374976183,1.0,Charlie1b,Unknown,Unknown
MSTA,0.62064075,0.19319631,0.5348360369047127,1.0,MSTA,Unknown,Unknown
MER34C_,0.6192172,0.5302186,0.5357732568926127,1.0,MER34C_,LTR,LTR
OldhAT1,0.6188614,0.18668374,0.5360076910720726,1.0,OldhAT1,Unknown,Unknown
MSTB,0.61814964,0.13187371,0.5364767143218467,1.0,MSTB,Unknown,Unknown
THE1B-int,0.61637026,0.12702242,0.5376501751196918,1.0,THE1B-int,Unknown,Unknown
MER113,0.6053382,0.18593252,0.5449542835408174,1.0,MER113,LTR,LTR
L1ME3,0.60427064,0.11666681,0.5456637390301662,1.0,L1ME3,LINE-1,LINE
LTR1F2,0.60249126,1.103366,0.5468471820093928,1.0,LTR1F2,LTR,LTR
Charlie3,0.6017795,0.5031777,0.5473209147636713,1.0,Charlie3,Unknown,Unknown
L1M3b,0.60035604,0.5661002,0.5482689889669274,1.0,L1M3b,LINE-1,LINE
LTR33B,0.5996443,0.63536453,0.548743330109145,1.0,LTR33B,LTR,LTR
Charlie13b,0.59857666,0.9119646,0.5494552214407791,1.0,Charlie13b,Unknown,Unknown
MER67D,0.5971532,0.98978513,0.550405117694287,1.0,MER67D,LTR,LTR
L1M2a1,0.59644145,1.722836,0.5508803688209827,1.0,L1M2a1,LINE-1,LINE
LTR19A,0.59359443,0.61866474,0.5527833897074561,1.0,LTR19A,LTR,LTR
HERVL40-int,0.58967984,0.2939373,0.5554052969555621,1.0,HERVL40-int,Unknown,Unknown
CR1_Mam,0.5889681,0.16763665,0.5558826591302631,1.0,CR1_Mam,Unknown,Unknown
LTR24B,0.5857653,0.57111126,0.5580332634818607,1.0,LTR24B,LTR,LTR
MARNA,0.5839859,0.14632834,0.5592297896674774,1.0,MARNA,Unknown,Unknown
HERVP71A-int,0.58363,0.9467342,0.5594692442623226,1.0,HERVP71A-int,Unknown,Unknown
LTR37A,0.58078307,0.12054785,0.5613866699533576,1.0,LTR37A,LTR,LTR
LTR9D,0.57829195,0.32490274,0.5630670206673343,1.0,LTR9D,LTR,LTR
MER57C2,0.5733098,1.283292,0.5664349824251781,1.0,MER57C2,LTR,LTR
LTR1D1,0.57224214,1.1479949,0.5671579438099419,1.0,LTR1D1,LTR,LTR
Kanga1,0.5715304,0.12203004,0.5676401635546793,1.0,Kanga1,Unknown,Unknown
MER50B,0.5711745,0.36272445,0.5678813470118955,1.0,MER50B,LTR,LTR
LTR12,0.57046276,0.27312502,0.5683638609931552,1.0,LTR12,LTR,LTR
L1MA5A,0.56654817,0.177701,0.5710211860959482,1.0,L1MA5A,LINE-1,LINE
MLT1J2,0.5651247,0.16663581,0.5719889503905485,1.0,MLT1J2,LTR,LTR
LTR9A1,0.56192183,0.40218946,0.574169265610253,1.0,LTR9A1,LTR,LTR
Charlie14a,0.561566,0.5452692,0.5744117655786162,1.0,Charlie14a,Unknown,Unknown
LTR45C,0.5601425,0.634048,0.5753822499155463,1.0,LTR45C,LTR,LTR
MER105,0.55444854,0.19590507,0.5792719150210479,1.0,MER105,LTR,LTR
L1PA6,0.55409265,0.06160569,0.579515428365071,1.0,L1PA6,LINE-1,LINE
MamRTE1,0.5508898,0.15778999,0.5817092068896501,1.0,MamRTE1,Unknown,Unknown
L1MC5a,0.5491105,0.12157844,0.5829296477581589,1.0,L1MC5a,LINE-1,LINE
L1ME3D,0.54626346,0.102302924,0.584884833530634,1.0,L1ME3D,LINE-1,LINE
MER89,0.5398578,0.253383,0.5892951107218969,1.0,MER89,LTR,LTR
MER97d,0.53879017,1.5736125,0.5900316457342126,1.0,MER97d,LTR,LTR
L1MCb,0.5370108,0.18581049,0.591260145553983,1.0,L1MCb,LINE-1,LINE
MER51-int,0.5320286,0.20979632,0.5947061841864135,1.0,MER51-int,LTR,LTR
L2-3_Crp,0.5316727,0.158558,0.5949526805215308,1.0,L2-3_Crp,LINE-2,LINE
Charlie18a,0.528114,0.13292995,0.5974202055550846,1.0,Charlie18a,Unknown,Unknown
LTR47A2,0.5274023,0.7199375,0.5979142683053877,1.0,LTR47A2,LTR,LTR
L1M,0.5238435,0.36947307,0.6003873608434586,1.0,L1M,LINE-1,LINE
L1M6,0.5231318,0.16922784,0.6008825338390182,1.0,L1M6,LINE-1,LINE
MER44D,0.52028483,0.20517251,0.6028650680464328,1.0,MER44D,LTR,LTR
MER97b,0.51886135,1.7878245,0.6038574379260035,1.0,MER97b,LTR,LTR
HAL1M8,0.51494676,0.14742881,0.6065902313712523,1.0,HAL1M8,Unknown,Unknown
LTR76,0.51494676,0.8170534,0.6065902313712523,1.0,LTR76,LTR,LTR
MER34,0.5135233,0.22468391,0.6075853432529521,1.0,MER34,LTR,LTR
Tigger5b,0.5096087,0.16389748,0.6103256485869913,1.0,Tigger5b,Unknown,Unknown
MER67A,0.5074734,1.0711762,0.6118226690038315,1.0,MER67A,LTR,LTR
LTR107_Mam,0.5028471,0.6528797,0.6150717742877947,1.0,LTR107_Mam,LTR,LTR
MER57B1,0.5017795,0.25933912,0.6158226443570847,1.0,MER57B1,LTR,LTR
Charlie23a,0.5014236,0.17804001,0.6160730238239636,1.0,Charlie23a,Unknown,Unknown
MLT1F2,0.5000001,0.18731567,0.6170749882774574,1.0,MLT1F2,LTR,LTR
MER41A,0.5000001,0.10882928,0.6170749882774574,1.0,MER41A,LTR,LTR
LTR16A,0.49822077,0.040924884,0.6183284468788643,1.0,LTR16A,LTR,LTR
L1ME3G,0.4978649,0.020144388,0.6185792720988024,1.0,L1ME3G,LINE-1,LINE
MamGypLTR1a,0.49608552,0.4127937,0.6198340643830282,1.0,MamGypLTR1a,LTR,LTR
LTR6A,0.49466205,0.4020021,0.6208386961951877,1.0,LTR6A,LTR,LTR
LTR7Y,0.49466205,0.15270998,0.6208386961951877,1.0,LTR7Y,LTR,LTR
HERVK3-int,0.49252683,0.6926199,0.622346970287127,1.0,HERVK3-int,Unknown,Unknown
MamGypLTR2c,0.4900357,1.1397574,0.6241086288496913,1.0,MamGypLTR2c,LTR,LTR
Kanga1b,0.4825624,0.6625115,0.6294064821060457,1.0,Kanga1b,Unknown,Unknown
Charlie4a,0.47651258,0.11599041,0.6337092498878685,1.0,Charlie4a,Unknown,Unknown
Tigger19a,0.47580084,0.09378105,0.6342162768880784,1.0,Tigger19a,Unknown,Unknown
HUERS-P3b-int,0.47295386,0.12747127,0.6362461002284912,1.0,HUERS-P3b-int,Unknown,Unknown
MamRep4096,0.47046274,0.28605673,0.6380244396205336,1.0,MamRep4096,Unknown,Unknown
LTR75,0.469751,0.39540878,0.6385329199955063,1.0,LTR75,LTR,LTR
L1P1,0.46903926,0.15776454,0.6390415704054643,1.0,L1P1,LINE-1,LINE
Tigger11a,0.4686834,0.24404623,0.6392959593107913,1.0,Tigger11a,Unknown,Unknown
HUERS-P3-int,0.4672599,0.5138268,0.6403139390144347,1.0,HUERS-P3-int,Unknown,Unknown
LTR105_Mam,0.46690404,1.0955433,0.6405685398350689,1.0,LTR105_Mam,LTR,LTR
L1PB,0.46619228,0.18852791,0.641077868373592,1.0,L1PB,LINE-1,LINE
MLT1A-int,0.46405706,0.6169717,0.6426068673491738,1.0,MLT1A-int,LTR,LTR
BLACKJACK,0.46334532,0.19312835,0.6431168707866047,1.0,BLACKJACK,Unknown,Unknown
LTR88b,0.4597866,0.425297,0.6456694071839548,1.0,LTR88b,LTR,LTR
L1P4e,0.45444852,1.5978105,0.6495060413015237,1.0,L1P4e,LINE-1,LINE
LTR2,0.4533809,0.5172755,0.650274489125396,1.0,LTR2,LTR,LTR
LTR12B,0.4533809,0.3284678,0.650274489125396,1.0,LTR12B,LTR,LTR
AmnSINE1,0.453025,0.15151143,0.6505307211114898,1.0,AmnSINE1,Unknown,Unknown
HERVK14C-int,0.45231327,0.6845011,0.651043308996192,1.0,HERVK14C-int,Unknown,Unknown
LTR70,0.4519574,0.6230807,0.6512996648431858,1.0,LTR70,LTR,LTR
Charlie17b,0.45124567,0.5434954,0.6518125002173125,1.0,Charlie17b,Unknown,Unknown
MER53,0.44483998,0.13357553,0.6564354067424196,1.0,MER53,LTR,LTR
MER41D,0.44341648,0.67160594,0.6574645161443746,1.0,MER41D,LTR,LTR
HERVFH21-int,0.441993,2.323363,0.6584942753230631,1.0,HERVFH21-int,Unknown,Unknown
MER52C,0.44056952,0.73310155,0.659524682600818,1.0,MER52C,LTR,LTR
LTR47B3,0.43985775,1.9208378,0.6600401287515668,1.0,LTR47B3,LTR,LTR
L1MD3,0.43772253,0.13791734,0.6615874347244495,1.0,L1MD3,LINE-1,LINE
LTR12F,0.43629906,0.22515611,0.6626197761966073,1.0,LTR12F,LTR,LTR
MER83B,0.43629906,0.5201638,0.6626197761966073,1.0,MER83B,LTR,LTR
MIR3,0.4330962,0.119731724,0.6649448868668104,1.0,MIR3,Unknown,Unknown
HERV16-int,0.43060508,0.9971783,0.6667555386234387,1.0,HERV16-int,Unknown,Unknown
MLT-int,0.43060508,0.5784391,0.6667555386234387,1.0,MLT-int,LTR,LTR
MER65D,0.42989334,0.6026349,0.6672732250290119,1.0,MER65D,LTR,LTR
LTR9,0.42953748,0.31957087,0.6675321276537154,1.0,LTR9,LTR,LTR
L1MEh,0.4291816,0.1268143,0.6677910698573891,1.0,L1MEh,LINE-1,LINE
MER4C,0.42704636,0.24564935,0.6693455527389249,1.0,MER4C,LTR,LTR
MamGypLTR1c,0.42704636,0.95848966,0.6693455527389249,1.0,MamGypLTR1c,LTR,LTR
MER97c,0.42633462,0.8810971,0.6698640291169713,1.0,MER97c,LTR,LTR
MLT1N2-int,0.42597875,25.562906,0.6701233263260193,1.0,MLT1N2-int,LTR,LTR
MER110,0.42491114,0.7522014,0.6709014537107223,1.0,MER110,LTR,LTR
Tigger3b,0.4231318,0.12492473,0.6721991169287425,1.0,Tigger3b,Unknown,Unknown
MER6,0.4227759,0.08902244,0.6724587669663067,1.0,MER6,LTR,LTR
L1M6B,0.42206416,0.24612525,0.672978184219472,1.0,L1M6B,LINE-1,LINE
LTR8B,0.41992894,0.14478748,0.6745373714564433,1.0,LTR8B,LTR,LTR
MLT1J-int,0.4192172,0.24992672,0.6750574116391918,1.0,MLT1J-int,LTR,LTR
PABL_B-int,0.41850543,0.5402853,0.6755776070122299,1.0,PABL_B-int,Unknown,Unknown
Charlie17,0.4153026,0.26106238,0.6779204008395261,1.0,Charlie17,Unknown,Unknown
MER46C,0.41494673,0.10032552,0.6781809041189613,1.0,MER46C,LTR,LTR
MER57E3,0.4138791,0.09553817,0.6789626446728635,1.0,MER57E3,LTR,LTR
MLT1F-int,0.41352323,0.20643121,0.6792233016715847,1.0,MLT1F-int,LTR,LTR
LTR85a,0.4099645,0.08329071,0.6818319770173409,1.0,LTR85a,LTR,LTR
LTR10B1,0.40782928,0.7195121,0.6833990121612166,1.0,LTR10B1,LTR,LTR
LTR13A,0.4064058,0.51485074,0.6844444610605858,1.0,LTR13A,LTR,LTR
Charlie6,0.39644137,1.0122037,0.6917794434307696,1.0,Charlie6,Unknown,Unknown
MER4-int,0.3960855,0.14096625,0.6920419476966013,1.0,MER4-int,LTR,LTR
Charlie10a,0.38754457,0.28148183,0.6983530866480905,1.0,Charlie10a,Unknown,Unknown
LTR39,0.3850535,0.07916114,0.7001977944204725,1.0,LTR39,LTR,LTR
MER9a2,0.3822065,0.47222352,0.7023081990279266,1.0,MER9a2,LTR,LTR
LTR1,0.38078302,2.1676166,0.7033642638636624,1.0,LTR1,LTR,LTR
MER61E,0.38007128,2.0162566,0.7038925111151166,1.0,MER61E,LTR,LTR
MLT2B4,0.3797154,0.09986152,0.7041566883491431,1.0,MLT2B4,LTR,LTR
MER75,0.3743773,0.18131101,0.7081236148810026,1.0,MER75,LTR,LTR
MER45R,0.37295383,0.38756156,0.7091828062152781,1.0,MER45R,LTR,LTR
MER47B,0.3722421,0.11127537,0.709712612923779,1.0,MER47B,LTR,LTR
L1ME3F,0.3672599,0.087735415,0.7134251777263367,1.0,L1ME3F,LINE-1,LINE
MER101B,0.36512464,24.783794,0.7150183630096322,1.0,MER101B,LTR,LTR
Charlie16a,0.36370116,-0.02436062,0.7160811772386106,1.0,Charlie16a,Unknown,Unknown
UCON55,0.3622777,0.56839246,0.7171445418546067,1.0,UCON55,Unknown,Unknown
MER54A,0.36121005,0.027801001,0.7179424253827977,1.0,MER54A,LTR,LTR
MLT1F2-int,0.36014244,0.30822816,0.7187406166609995,1.0,MLT1F2-int,LTR,LTR
Looper,0.35622784,0.031057518,0.7216699381860119,1.0,Looper,Unknown,Unknown
Charlie9,0.35516024,0.073294796,0.7224695551502638,1.0,Charlie9,Unknown,Unknown
MamRep137,0.35480437,0.098981306,0.7227361615670229,1.0,MamRep137,Unknown,Unknown
LTR7,0.3544485,0.034818046,0.7230028016489476,1.0,LTR7,LTR,LTR
MLT1H2-int,0.353025,0.13537897,0.7240696980376771,1.0,MLT1H2-int,LTR,LTR
MER58B,0.3516015,0.15181085,0.7251371307050996,1.0,MER58B,LTR,LTR
MER4B-int,0.35124564,0.06982389,0.72540407244356,1.0,MER4B-int,LTR,LTR
MER57C1,0.35017803,1.0517572,0.7262050977567347,1.0,MER57C1,LTR,LTR
LFSINE_Vert,0.34768692,0.034291398,0.728075320249747,1.0,LFSINE_Vert,Unknown,Unknown
LOR1a,0.34733105,0.55719876,0.7283426274191585,1.0,LOR1a,Unknown,Unknown
MIRb,0.34519583,0.018403724,0.7299471632886174,1.0,MIRb,Unknown,Unknown
LTR30,0.34448406,0.61976373,0.7304822718069925,1.0,LTR30,LTR,LTR
MLT2F,0.34377232,0.30451998,0.7310175115417386,1.0,MLT2F,LTR,LTR
MER47C,0.34377232,0.5192161,0.7310175115417386,1.0,MER47C,LTR,LTR
HERVE-int,0.34306058,0.4536493,0.7315528822538233,1.0,HERVE-int,Unknown,Unknown
Tigger2,0.3416371,0.0826675,0.7326240156529278,1.0,Tigger2,Unknown,Unknown
Charlie29a,0.33985773,0.051312476,0.733963664884137,1.0,Charlie29a,Unknown,Unknown
LTR84b,0.33950186,-0.018124994,0.7342316920948571,1.0,LTR84b,LTR,LTR
LTR62,0.3377225,0.53841716,0.7355723133193257,1.0,LTR62,LTR,LTR
LTR31,0.33736664,0.32084104,0.735840534387951,1.0,LTR31,LTR,LTR
MER97a,0.33736664,0.37204096,0.735840534387951,1.0,MER97a,LTR,LTR
Tigger4,0.33487552,0.07223256,0.7377189819038226,1.0,Tigger4,Unknown,Unknown
HERV9N-int,0.33309618,0.011835542,0.7390616905327441,1.0,HERV9N-int,Unknown,Unknown
LTR86B2,0.33202857,0.8057673,0.7398676980591715,1.0,LTR86B2,LTR,LTR
MER96,0.33060506,0.271976,0.7409428191404633,1.0,MER96,LTR,LTR
LTR64,0.32313174,0.6887394,0.7465954625608913,1.0,LTR64,LTR,LTR
UCON107,0.32170826,0.6725561,0.7476737147331765,1.0,UCON107,Unknown,Unknown
LTR38A1,0.31957304,1.6220486,0.7492920184344565,1.0,LTR38A1,LTR,LTR
LTR27D,0.31957304,1.8497729,0.7492920184344565,1.0,LTR27D,LTR,LTR
MER52D,0.3174378,0.5356063,0.7509114267819574,1.0,MER52D,LTR,LTR
HSMAR2,0.3174378,0.112453364,0.7509114267819574,1.0,HSMAR2,Unknown,Unknown
LTR10E,0.31423494,0.5852069,0.7533425959985353,1.0,LTR10E,LTR,LTR
MADE2,0.31387907,0.07445527,0.7536128774383839,1.0,MADE2,Unknown,Unknown
MamGypsy2-LTR,0.3135232,0.28775814,0.7538831890705633,1.0,MamGypsy2-LTR,LTR,LTR
MER34B-int,0.3074734,0.12939373,0.7584830762934768,1.0,MER34B-int,LTR,LTR
MER34-int,0.3046264,0.40341055,0.7606507019095994,1.0,MER34-int,LTR,LTR
LTR1B,0.30427054,24.417652,0.7609217876766303,1.0,LTR1B,LTR,LTR
LTR4,0.30427054,25.00873,0.7609217876766303,1.0,LTR4,LTR,LTR
HERVK13-int,0.30320293,0.63561577,0.7617352209838157,1.0,HERVK13-int,Unknown,Unknown
LTR3B_,0.30035594,0.4557352,0.7639056616915619,1.0,LTR3B_,LTR,LTR
AluSq4,0.29928833,0.11715299,0.7647200565104584,1.0,AluSq4,Alu,SINE
L1M2a,0.29323852,0.060503773,0.7693398516550343,1.0,L1M2a,LINE-1,LINE
Tigger12c,0.29288265,0.10853162,0.7696118612773675,1.0,Tigger12c,Unknown,Unknown
MER124,0.291815,0.1113569,0.7704280601345114,1.0,MER124,LTR,LTR
MER129,0.291815,1.0251347,0.7704280601345114,1.0,MER129,LTR,LTR
PRIMA41-int,0.2907474,0.15801297,0.7712445133150321,1.0,PRIMA41-int,Unknown,Unknown
MER20,0.2882563,0.14330994,0.773150554986122,1.0,MER20,LTR,LTR
LTR101_Mam,0.2846976,-0.05581691,0.7758758440666407,1.0,LTR101_Mam,LTR,LTR
X8_LINE,0.2818506,0.019116048,0.7780580658892061,1.0,X8_LINE,Unknown,Unknown
MER52A,0.2818506,-0.039493836,0.7780580658892061,1.0,MER52A,LTR,LTR
MER110A,0.28149474,0.55854124,0.7783309671220126,1.0,MER110A,LTR,LTR
ERV3-16A3_LTR,0.27864775,0.613078,0.780515158533192,1.0,ERV3-16A3_LTR,LTR,LTR
LTR1A1,0.27864775,0.54484844,0.780515158533192,1.0,LTR1A1,LTR,LTR
LTR37B,0.27829188,0.102325544,0.7807883046752078,1.0,LTR37B,LTR,LTR
MER61F,0.27758014,1.4730688,0.7813346780854731,1.0,MER61F,LTR,LTR
L1M3d,0.27722427,0.046236925,0.7816079052898726,1.0,L1M3d,LINE-1,LINE
MER66D,0.27615666,1.1978047,0.7824277485168275,1.0,MER66D,LTR,LTR
LTR10G,0.27615666,1.3491524,0.7824277485168275,1.0,LTR10G,LTR,LTR
LTR10C,0.27615666,0.0338525,0.7824277485168275,1.0,LTR10C,LTR,LTR
Tigger3c,0.2754449,0.07094142,0.7829744450266362,1.0,Tigger3c,Unknown,Unknown
LTR10B2,0.27330968,1.0818952,0.7846151766615643,1.0,LTR10B2,LTR,LTR
UCON2,0.27330968,1.0279895,0.7846151766615643,1.0,UCON2,Unknown,Unknown
LTR47B2,0.26121002,2.1071217,0.7939305432950889,1.0,LTR47B2,LTR,LTR
HERV-Fc1-int,0.2590748,1.8088589,0.7955775288349396,1.0,HERV-Fc1-int,Unknown,Unknown
Eulor8,0.2576513,1.3178861,0.7966760259269382,1.0,Eulor8,Unknown,Unknown
MSTA1,0.2576513,0.52583385,0.7966760259269382,1.0,MSTA1,Unknown,Unknown
MLT1H1-int,0.25693956,0.34207356,0.797225425713797,1.0,MLT1H1-int,LTR,LTR
MER21-int,0.2540926,0.08322959,0.7994240270677919,1.0,MER21-int,LTR,LTR
MER51B,0.25195736,0.15350461,0.8010740231107537,1.0,MER51B,LTR,LTR
HSMAR1,0.25053388,0.019717135,0.8021745141942593,1.0,HSMAR1,Unknown,Unknown
HERVIP10FH-int,0.24911039,0.09466457,0.8032753978179558,1.0,HERVIP10FH-int,Unknown,Unknown
LTR86A1,0.2476869,-0.01432214,0.8043766718903274,1.0,LTR86A1,LTR,LTR
LTR28C,0.24697515,-0.07025392,0.8049274546905317,1.0,LTR28C,LTR,LTR
LTR71B,0.24590753,0.41930053,0.8057538103591861,1.0,LTR71B,LTR,LTR
LTR87,0.24483992,-0.00080931943,0.8065803830034223,1.0,LTR87,LTR,LTR
Charlie11,0.24341643,0.30133808,0.8076828158495395,1.0,Charlie11,Unknown,Unknown
LTR22,0.24341643,24.404522,0.8076828158495395,1.0,LTR22,LTR,LTR
MLT1L-int,0.24341643,24.338314,0.8076828158495395,1.0,MLT1L-int,LTR,LTR
CR1-13_AMi,0.24341643,24.723736,0.8076828158495395,1.0,CR1-13_AMi,Unknown,Unknown
HERVK11D-int,0.24341643,23.954607,0.8076828158495395,1.0,HERVK11D-int,Unknown,Unknown
MER41G,0.24341643,23.979551,0.8076828158495395,1.0,MER41G,LTR,LTR
MER76-int,0.24341643,24.347176,0.8076828158495395,1.0,MER76-int,LTR,LTR
PRIMAX-int,0.24341643,24.111876,0.8076828158495395,1.0,PRIMAX-int,Unknown,Unknown
HERVI-int,0.24306056,0.50019854,0.8079584838399738,1.0,HERVI-int,Unknown,Unknown
LTR9C,0.24234882,0.3994212,0.8085098913256354,1.0,LTR9C,LTR,LTR
AluYh7,0.24056946,0.35550618,0.8098888256172152,1.0,AluYh7,Alu,SINE
MER4CL34,0.24021359,0.1446771,0.8101646834542682,1.0,MER4CL34,LTR,LTR
MER91A,0.23701073,-0.05060218,0.8126484612604807,1.0,MER91A,LTR,LTR
MER92-int,0.2348755,-0.09179228,0.8143053624908011,1.0,MER92-int,LTR,LTR
LTR5A,0.23274027,0.17500469,0.8159630948878083,1.0,LTR5A,LTR,LTR
MER54B,0.2298933,0.652722,0.8181746853258365,1.0,MER54B,LTR,LTR
MER135,0.22918156,0.2791906,0.8187278098426365,1.0,MER135,LTR,LTR
UCON132b,0.22384347,-0.04478408,0.8228791015175247,1.0,UCON132b,Unknown,Unknown
LTR68,0.2234876,0.50872254,0.8231560320127758,1.0,LTR68,LTR,LTR
MLT1J1-int,0.22313173,0.087742254,0.8234329845340083,1.0,MLT1J1-int,LTR,LTR
MLT1E1,0.22313173,0.058230966,0.8234329845340083,1.0,MLT1E1,LTR,LTR
HERVL74-int,0.2185054,0.48160636,0.8270353565000567,1.0,HERVL74-int,Unknown,Unknown
DNA1_Mam,0.2185054,-0.21221584,0.8270353565000567,1.0,DNA1_Mam,Unknown,Unknown
MER65-int,0.2185054,-0.044871405,0.8270353565000567,1.0,MER65-int,LTR,LTR
MER74C,0.21814953,1.3876804,0.8273126138821276,1.0,MER74C,LTR,LTR
MLT1A1-int,0.21779364,-0.029890796,0.8275898927894398,1.0,MLT1A1-int,LTR,LTR
MER57E2,0.21743777,1.3290149,0.8278671931885456,1.0,MER57E2,LTR,LTR
X7C_LINE,0.21672603,0.038219016,0.828421858328308,1.0,X7C_LINE,Unknown,Unknown
MER34A,0.2160143,0.06795355,0.8289766090336737,1.0,MER34A,LTR,LTR
LTR16D,0.21423493,0.27247092,0.8303638583884009,1.0,LTR16D,LTR,LTR
LTR38-int,0.21387906,1.0851907,0.830641371864067,1.0,LTR38-int,LTR,LTR
MER99,0.2120997,-0.08767259,0.8320292554215611,1.0,MER99,LTR,LTR
HERV35I-int,0.2120997,0.13689332,0.8320292554215611,1.0,HERV35I-int,Unknown,Unknown
X7B_LINE,0.21138795,-0.029924585,0.8325845557683654,1.0,X7B_LINE,Unknown,Unknown
Arthur1,0.20996447,0.020029547,0.833695406853641,1.0,Arthur1,Unknown,Unknown
CR1-L3A_Croc,0.20925272,0.14869122,0.8342509570543547,1.0,CR1-L3A_Croc,Unknown,Unknown
MER21A,0.20889685,0.042246558,0.8345287632015348,1.0,MER21A,LTR,LTR
MamRep38,0.20782924,0.16057548,0.8353623054266076,1.0,MamRep38,Unknown,Unknown
AluYc,0.20676161,0.10532207,0.8361960326200325,1.0,AluYc,Alu,SINE
MER58D,0.20498225,0.08092143,0.8375859865127981,1.0,MER58D,LTR,LTR
MER11C,0.2032029,0.016555045,0.8389764474657966,1.0,MER11C,LTR,LTR
LTR5_Hs,0.20249115,0.101780616,0.8395327728789664,1.0,LTR5_Hs,LTR,LTR
LTR67B,0.20249115,0.09995003,0.8395327728789664,1.0,LTR67B,LTR,LTR
LTR5B,0.20106767,-0.093909584,0.8406456639882339,1.0,LTR5B,LTR,LTR
FordPrefect_a,0.2007118,2.218308,0.8409239366273333,1.0,FordPrefect_a,Unknown,Unknown
LTR3,0.19928831,1.656558,0.8420372256162745,1.0,LTR3,LTR,LTR
MER87,0.19928831,1.5707706,0.8420372256162745,1.0,MER87,LTR,LTR
ERVL47-int,0.19857657,1.5955311,0.842593988696511,1.0,ERVL47-int,Unknown,Unknown
Merlin1_HS,0.19786482,1.2072656,0.8431508304727873,1.0,Merlin1_HS,Unknown,Unknown
MER70-int,0.19786482,1.1838844,0.8431508304727873,1.0,MER70-int,LTR,LTR
MLT1E3-int,0.19786482,1.171154,0.8431508304727873,1.0,MLT1E3-int,LTR,LTR
LTR45,0.19715308,0.92817956,0.8437077506741019,1.0,LTR45,LTR,LTR
Tigger9a,0.1967972,0.010969894,0.8439862400994286,1.0,Tigger9a,Unknown,Unknown
MER81,0.19644134,-0.056168627,0.8442647490293362,1.0,MER81,LTR,LTR
LTR2C,0.19644134,-0.37596992,0.8442647490293362,1.0,LTR2C,LTR,LTR
MER70A,0.19572958,0.18554205,0.8448218252672544,1.0,MER70A,LTR,LTR
MER73,0.19572958,0.82707006,0.8448218252672544,1.0,MER73,LTR,LTR
HERVFH19-int,0.1943061,0.012102433,0.8459362103056149,1.0,HERVFH19-int,Unknown,Unknown
Zaphod2,0.19359435,0.15550055,0.8464935185630028,1.0,Zaphod2,Unknown,Unknown
LTR83,0.19110325,-0.009636605,0.8484447004528187,1.0,LTR83,LTR,LTR
L1PA2,0.18612105,0.17653424,0.8523498398445694,1.0,L1PA2,LINE-1,LINE
PrimLTR79,0.18576518,0.6630364,0.8526289181121814,1.0,PrimLTR79,LTR,LTR
LTR29,0.18576518,0.04352393,0.8526289181121814,1.0,LTR29,LTR,LTR
MER4D,0.1854093,0.07064569,0.8529080148298819,1.0,MER4D,LTR,LTR
LTR35A,0.18256232,24.081802,0.8551414486777704,1.0,LTR35A,LTR,LTR
hAT-16_Crp,0.18256232,23.574785,0.8551414486777704,1.0,hAT-16_Crp,Unknown,Unknown
MER51D,0.18256232,23.522408,0.8551414486777704,1.0,MER51D,LTR,LTR
MER130,0.18256232,23.823742,0.8551414486777704,1.0,MER130,LTR,LTR
LTR108a_Mam,0.18256232,23.867918,0.8551414486777704,1.0,LTR108a_Mam,LTR,LTR
LTR46-int,0.18078296,0.18039641,0.8565379355800519,1.0,LTR46-int,LTR,LTR
HERV4_I-int,0.17971535,0.31161863,0.8573760436550006,1.0,HERV4_I-int,Unknown,Unknown
MER74A,0.17580076,0.11984748,0.8604504754719859,1.0,MER74A,LTR,LTR
LTR85c,0.17508902,0.20389172,0.8610096918074357,1.0,LTR85c,LTR,LTR
Charlie26a,0.17366552,0.062138822,0.8621283332828608,1.0,Charlie26a,Unknown,Unknown
LTR81A,0.17295378,0.014602171,0.8626877578733867,1.0,LTR81A,LTR,LTR
MER90a,0.17224203,0.030614024,0.8632472513326482,1.0,MER90a,LTR,LTR
MER4E1,0.17153029,0.06375083,0.8638068133856609,1.0,MER4E1,LTR,LTR
LTR73,0.16939506,0.660058,0.8654859083558155,1.0,LTR73,LTR,LTR
MSTD,0.16903919,0.04046497,0.8657658167744906,1.0,MSTD,Unknown,Unknown
LTR33A_,0.16832745,0.027574098,0.8663256840936924,1.0,LTR33A_,LTR,LTR
MER67B,0.16725983,-0.05581818,0.8671656107604258,1.0,MER67B,LTR,LTR
LTR28B,0.16690396,0.4662121,0.8674456196949547,1.0,LTR28B,LTR,LTR
L1P4d,0.16583633,0.28031757,0.8682857461527907,1.0,L1P4d,LINE-1,LINE
LTR88c,0.16441286,0.34234974,0.8694061460022346,1.0,LTR88c,LTR,LTR
Mam_R4,0.16405699,0.08975554,0.869686287027254,1.0,Mam_R4,Unknown,Unknown
MLT2B3,0.16049826,0.008858972,0.8724885911600074,1.0,MLT2B3,LTR,LTR
LTR34,0.15907477,0.396418,0.8736099630422368,1.0,LTR34,LTR,LTR
MER84,0.15729542,1.3813015,0.8750120347572202,1.0,MER84,LTR,LTR
L1M3c,0.15551606,-0.030414274,0.8764144989460713,1.0,L1M3c,LINE-1,LINE
Tigger12A,0.1548043,-0.15953115,0.8769755935441073,1.0,Tigger12A,Unknown,Unknown
MamGypLTR1b,0.1537367,0.012058364,0.8778173512770459,1.0,MamGypLTR1b,LTR,LTR
LTR72,0.1537367,0.95176256,0.8778173512770459,1.0,LTR72,LTR,LTR
LTR18B,0.1537367,0.282016,0.8778173512770459,1.0,LTR18B,LTR,LTR
UCON86,0.1523132,0.3809611,0.878939909690887,1.0,UCON86,Unknown,Unknown
MER34A1,0.1523132,0.06971545,0.878939909690887,1.0,MER34A1,LTR,LTR
HERVH48-int,0.1512456,0.03662408,0.8797819883638851,1.0,HERVH48-int,Unknown,Unknown
MLT1E,0.147331,-0.08350153,0.8828707664411746,1.0,MLT1E,LTR,LTR
MER4B,0.14661926,0.03509902,0.883432555260151,1.0,MER4B,LTR,LTR
MLT1B-int,0.14661926,0.058944143,0.883432555260151,1.0,MLT1B-int,LTR,LTR
MER95,0.1409253,0.26828566,0.8879289530387481,1.0,MER95,LTR,LTR
UCON49,0.13879007,1.6396575,0.8896160404452443,1.0,UCON49,Unknown,Unknown
MER92C,0.13807833,1.9016044,0.8901785144068028,1.0,MER92C,LTR,LTR
HERV1_I-int,0.13665484,0.5958106,0.8913036278922732,1.0,HERV1_I-int,Unknown,Unknown
UCON23,0.13665484,-0.3270707,0.8913036278922732,1.0,UCON23,Unknown,Unknown
MER11D,0.13309611,0.11794896,0.8941173643343894,1.0,MER11D,LTR,LTR
Tigger18a,0.12989327,-0.011819715,0.8966508678844064,1.0,Tigger18a,Unknown,Unknown
MER61D,0.1295374,-0.12137263,0.8969324338220742,1.0,MER61D,LTR,LTR
MER66A,0.1270463,0.47053912,0.8989037568655112,1.0,MER66A,LTR,LTR
Charlie24,0.12526694,-0.017889021,0.9003122274926051,1.0,Charlie24,Unknown,Unknown
MSTB2-int,0.12206409,0.07603317,0.9028482628897636,1.0,MSTB2-int,Unknown,Unknown
L1P3b,0.121708214,23.565504,0.9031301062831493,1.0,L1P3b,LINE-1,LINE
X5B_LINE,0.121708214,23.057722,0.9031301062831493,1.0,X5B_LINE,Unknown,Unknown
Eulor6D,0.121708214,22.840622,0.9031301062831493,1.0,Eulor6D,Unknown,Unknown
L1P4b,0.121708214,23.57525,0.9031301062831493,1.0,L1P4b,LINE-1,LINE
LTR58,0.121708214,23.53055,0.9031301062831493,1.0,LTR58,LTR,LTR
HERVL32-int,0.121708214,23.6796,0.9031301062831493,1.0,HERVL32-int,Unknown,Unknown
LTR3B,0.121708214,23.33111,0.9031301062831493,1.0,LTR3B,LTR,LTR
MER34C,0.118505366,-0.15389752,0.9056672419452837,1.0,MER34C,LTR,LTR
LTR26E,0.118505366,0.11041013,0.9056672419452837,1.0,LTR26E,LTR,LTR
MER45B,0.116370134,0.014596879,0.907359202395549,1.0,MER45B,LTR,LTR
MamSINE1,0.11494665,0.028390585,0.9084874100909621,1.0,MamSINE1,Unknown,Unknown
Charlie7a,0.11352316,0.0238825,0.9096158024046164,1.0,Charlie7a,Unknown,Unknown
PABL_A-int,0.113167286,-0.07448264,0.9098979290652043,1.0,PABL_A-int,Unknown,Unknown
LTR108e_Mam,0.113167286,0.95709205,0.9098979290652043,1.0,LTR108e_Mam,LTR,LTR
MER91C,0.10960857,-0.036268234,0.9127198147776687,1.0,MER91C,LTR,LTR
MER83C,0.10889682,0.32324648,0.9132843251626036,1.0,MER83C,LTR,LTR
MER70B,0.10889682,0.05873275,0.9132843251626036,1.0,MER70B,LTR,LTR
LTR25,0.105338104,0.060551796,0.9161075277589436,1.0,LTR25,LTR,LTR
MER106B,0.10462636,-0.027928121,0.9166722964332735,1.0,MER106B,LTR,LTR
Arthur1C,0.10391462,-0.12965523,0.917237107165898,1.0,Arthur1C,Unknown,Unknown
Tigger12,0.102491125,-0.021593194,0.9183668536739248,1.0,Tigger12,Unknown,Unknown
HERVK-int,0.09608544,-0.086948134,0.9234527200864788,1.0,HERVK-int,Unknown,Unknown
Tigger1a_Mars,0.09572956,0.7897761,0.9237353619417209,1.0,Tigger1a_Mars,Unknown,Unknown
LTR48B,0.09537369,-0.04934831,0.9240180134260193,1.0,LTR48B,LTR,LTR
LTR103_Mam,0.09466194,0.056475252,0.9245833451399035,1.0,LTR103_Mam,LTR,LTR
LTR106_Mam,0.093950205,-0.07701495,0.9251487149443315,1.0,LTR106_Mam,LTR,LTR
LTR1F,0.09359433,0.51990414,0.9254314140417962,1.0,LTR1F,LTR,LTR
MER83A-int,0.09288259,0.24917805,0.9259968404497892,1.0,MER83A-int,LTR,LTR
LTR26D,0.091459095,0.080617614,0.927127805124154,1.0,LTR26D,LTR,LTR
LTR91,0.091459095,0.5374056,0.927127805124154,1.0,LTR91,LTR,LTR
MER92A,0.09074736,0.2773812,0.9276933428224696,1.0,MER92A,LTR,LTR
MER134,0.09074736,-0.46291572,0.9276933428224696,1.0,MER134,LTR,LTR
HERV30-int,0.09074736,-0.15621105,0.9276933428224696,1.0,HERV30-int,Unknown,Unknown
LTR21A,0.09003561,-0.28932032,0.9282589170494101,1.0,LTR21A,LTR,LTR
L1MB8,0.08825625,0.13366075,0.9296730105645121,1.0,L1MB8,LINE-1,LINE
L1M4a2,0.08398578,-0.0011542017,0.9330677326508359,1.0,L1M4a2,LINE-1,LINE
AluYf1,0.08220643,0.08549544,0.934482563124427,1.0,AluYf1,Alu,SINE
MER50,0.08220643,-0.10787462,0.934482563124427,1.0,MER50,LTR,LTR
Eulor2A,0.077580094,1.5265837,0.9381620798620965,1.0,Eulor2A,Unknown,Unknown
L1PA12,0.077580094,-0.013763733,0.9381620798620965,1.0,L1PA12,LINE-1,LINE
MER4D0,0.07686835,0.09974767,0.9387282785559843,1.0,MER4D0,LTR,LTR
UCON14,0.07686835,0.9268416,0.9387282785559843,1.0,UCON14,Unknown,Unknown
LTR22C2,0.07686835,0.89045775,0.9387282785559843,1.0,LTR22C2,LTR,LTR
LTR35B,0.0761566,-0.5317242,0.9392945082277776,1.0,LTR35B,LTR,LTR
HERV1_LTRd,0.0761566,0.64582115,0.9392945082277776,1.0,HERV1_LTRd,LTR,LTR
L1MEg2,0.074733116,0.009499985,0.9404270593643903,1.0,L1MEg2,LINE-1,LINE
MER50-int,0.07402137,-0.20156929,0.9409933802587483,1.0,MER50-int,LTR,LTR
UCON74,0.072242014,0.13571994,0.9424093124072436,1.0,UCON74,Unknown,Unknown
LTR33A,0.07153027,-0.012214261,0.9429757364825637,1.0,LTR33A,LTR,LTR
LTR1A2,0.066903934,-0.1662711,0.9466581831399663,1.0,LTR1A2,LTR,LTR
LTR1F1,0.06548044,0.26692456,0.9477914766356973,1.0,LTR1F1,LTR,LTR
THE1-int,0.0647687,0.11232465,0.9483581631414452,1.0,THE1-int,Unknown,Unknown
LTR18A,0.06263347,0.08155058,0.9500583782598511,1.0,LTR18A,LTR,LTR
LTR10F,0.061565854,-0.17956267,0.950908571575468,1.0,LTR10F,LTR,LTR
LTR18C,0.060854107,22.699268,0.9514753982254298,1.0,LTR18C,LTR,LTR
LTR7A,0.060854107,23.180511,0.9514753982254298,1.0,LTR7A,LTR,LTR
UCON83,0.060854107,21.997871,0.9514753982254298,1.0,UCON83,Unknown,Unknown
L2-3_AMi,0.060854107,21.636845,0.9514753982254298,1.0,L2-3_AMi,LINE-2,LINE
UCON100,0.060854107,21.840553,0.9514753982254298,1.0,UCON100,Unknown,Unknown
LTR1C3,0.060854107,22.286259,0.9514753982254298,1.0,LTR1C3,LTR,LTR
UCON89,0.060854107,22.522938,0.9514753982254298,1.0,UCON89,Unknown,Unknown
MER88,0.060854107,22.362398,0.9514753982254298,1.0,MER88,LTR,LTR
L1P4c,0.060854107,22.812239,0.9514753982254298,1.0,L1P4c,LINE-1,LINE
UCON62,0.060854107,22.077448,0.9514753982254298,1.0,UCON62,Unknown,Unknown
LTR60,0.060854107,22.077448,0.9514753982254298,1.0,LTR60,LTR,LTR
HERV1_LTRb,0.060854107,22.850784,0.9514753982254298,1.0,HERV1_LTRb,LTR,LTR
MER133B,0.060854107,22.727924,0.9514753982254298,1.0,MER133B,LTR,LTR
Eulor9B,0.060854107,21.743544,0.9514753982254298,1.0,Eulor9B,Unknown,Unknown
MER133A,0.060854107,22.603456,0.9514753982254298,1.0,MER133A,LTR,LTR
HERV-Fc1_LTR3,0.060854107,21.820137,0.9514753982254298,1.0,HERV-Fc1_LTR3,LTR,LTR
X9_LINE,0.060498238,-0.0089215515,0.9517588207750042,1.0,X9_LINE,Unknown,Unknown
LTR55,0.060142364,-0.094005935,0.952042249426626,1.0,LTR55,LTR,LTR
LTR27B,0.05907475,-0.074887805,0.9528925716361221,1.0,LTR27B,LTR,LTR
LTR103b_Mam,0.05765126,-0.515668,0.9540264178408246,1.0,LTR103b_Mam,LTR,LTR
MER41C,0.05409254,0.11548324,0.9568614354531865,1.0,MER41C,LTR,LTR
MER4A1_,0.05409254,-0.020249551,0.9568614354531865,1.0,MER4A1_,LTR,LTR
LTR26,0.05195731,0.022545975,0.9585627102929848,1.0,LTR26,LTR,LTR
MER84-int,0.051245563,0.53572595,0.9591298442330314,1.0,MER84-int,LTR,LTR
HERVL66-int,0.051245563,0.28724554,0.9591298442330314,1.0,HERVL66-int,Unknown,Unknown
LTR71A,0.049110334,0.14694448,0.960831369022049,1.0,LTR71A,LTR,LTR
LTR38C,0.048398588,0.15851572,0.9613985839860288,1.0,LTR38C,LTR,LTR
LTR19B,0.04483987,-0.32644776,0.9642349461630416,1.0,LTR19B,LTR,LTR
MER48,0.04483987,-0.2318392,0.9642349461630416,1.0,MER48,LTR,LTR
LTR60B,0.044128124,-0.42893672,0.9648022740626606,1.0,LTR60B,LTR,LTR
LTR52-int,0.04341638,-0.76829284,0.9653696197811515,1.0,LTR52-int,LTR,LTR
MER63C,0.040569406,-0.1146592,0.9676391751063377,1.0,MER63C,LTR,LTR
MLT1G-int,0.0380783,-0.05316471,0.9696252516876618,1.0,MLT1G-int,LTR,LTR
ERVL-int,0.037010685,0.0035776002,0.9704764857571481,1.0,ERVL-int,Unknown,Unknown
Charlie10,0.035231326,-0.04304105,0.9718952834736537,1.0,Charlie10,Unknown,Unknown
LTR40a,0.034875453,-0.012237483,0.9721790538340573,1.0,LTR40a,LTR,LTR
LTR69,0.03416371,0.7644871,0.9727466050848239,1.0,LTR69,LTR,LTR
Tigger8,0.03416371,-0.058165867,0.9727466050848239,1.0,Tigger8,Unknown,Unknown
LTR27E,0.03274022,0.27618045,0.9738817487010821,1.0,LTR27E,LTR,LTR
LTR86C,0.031672604,-0.1820414,0.9747331412578066,1.0,LTR86C,LTR,LTR
L1P5,0.031316735,0.038491234,0.9750169452222842,1.0,L1P5,LINE-1,LINE
LTR43B,0.03060499,-0.38592213,0.9755845626041552,1.0,LTR43B,LTR,LTR
LTR75B,0.03060499,-0.7744526,0.9755845626041552,1.0,LTR75B,LTR,LTR
LTR51,0.029181503,0.09234853,0.9767198341740991,1.0,LTR51,LTR,LTR
X6B_LINE,0.02882563,-0.03773173,0.9770036595250592,1.0,X6B_LINE,Unknown,Unknown
LTR7B,0.024911039,-0.034098897,0.9801259226466702,1.0,LTR7B,LTR,LTR
PRIMA4-int,0.022775806,-0.0052575604,0.981829106649737,1.0,PRIMA4-int,Unknown,Unknown
Helitron1Nb_Mam,0.022064062,-0.12632744,0.9823968534408386,1.0,Helitron1Nb_Mam,Unknown,Unknown
LTR89,0.020996446,-0.22626503,0.9832484902550501,1.0,LTR89,LTR,LTR
MLT1G3-int,0.020640574,0.06649751,0.9835323734833966,1.0,MLT1G3-int,LTR,LTR
LTR77,0.01637011,-0.12945849,0.9869391245939133,1.0,LTR77,LTR,LTR
LTR14C,0.01637011,0.5150569,0.9869391245939133,1.0,LTR14C,LTR,LTR
LTR1C1,0.01637011,-0.1245296,0.9869391245939133,1.0,LTR1C1,LTR,LTR
UCON80,0.01637011,0.18944027,0.9869391245939133,1.0,UCON80,Unknown,Unknown
CR1-8_Crp,0.015658367,-0.77175957,0.9875069412782664,1.0,CR1-8_Crp,Unknown,Unknown
UCON97,0.015658367,-0.11682393,0.9875069412782664,1.0,UCON97,Unknown,Unknown
X7D_LINE,0.015658367,-0.62413335,0.9875069412782664,1.0,X7D_LINE,Unknown,Unknown
LTR53B,0.015658367,-0.10044506,0.9875069412782664,1.0,LTR53B,LTR,LTR
LTR59,0.015658367,-0.59634405,0.9875069412782664,1.0,LTR59,LTR,LTR
LTR22C0,0.015658367,-0.29965132,0.9875069412782664,1.0,LTR22C0,LTR,LTR
UCON69,0.015658367,-0.99529463,0.9875069412782664,1.0,UCON69,Unknown,Unknown
LTR1E,0.015658367,-0.28697133,0.9875069412782664,1.0,LTR1E,LTR,LTR
UCON99,0.015658367,-0.20674065,0.9875069412782664,1.0,UCON99,Unknown,Unknown
MER103C,0.013523135,0.0059579285,0.9892104281502497,1.0,MER103C,LTR,LTR
LTR52,0.012099647,-0.17735563,0.9903461138714289,1.0,LTR52,LTR,LTR
Charlie2b,0.009964415,0.015803454,0.9920496784107836,1.0,Charlie2b,Unknown,Unknown
LTR78,0.0096085435,-0.005404871,0.9923336095676614,1.0,LTR78,LTR,LTR
MER57D,0.0071174395,0.24294771,0.9943211528368954,1.0,MER57D,LTR,LTR
MER31-int,0.0071174395,-0.1810428,0.9943211528368954,1.0,MER31-int,LTR,LTR
MLT2E,0.0060498235,0.24294531,0.9951729686020435,1.0,MLT2E,LTR,LTR
Kanga1a,0.0053380798,-0.078452945,0.995740848895295,1.0,Kanga1a,Unknown,Unknown
LTR90B,0.0049822074,0.08442766,0.9960247898689917,1.0,LTR90B,LTR,LTR
MLT1E2-int,0.0046263356,0.08733814,0.9963087313461241,1.0,MLT1E2-int,LTR,LTR
LTR40A1,0.003914592,0.27554375,0.9968766156668605,1.0,LTR40A1,LTR,LTR
UCON29,0.0032028477,-0.42315468,0.9974445015698309,1.0,UCON29,Unknown,Unknown
MLT1M,0.0024911037,-0.17752834,0.9980123887673596,1.0,MLT1M,LTR,LTR
LTR42,0.00071174395,0.16255926,0.9994321105369869,1.0,LTR42,LTR,LTR
LTR109A2,0.0,0.0,1.0,1.0,LTR109A2,LTR,LTR
Eulor1,0.0,0.0,1.0,1.0,Eulor1,Unknown,Unknown
UCON51,0.0,0.0,1.0,1.0,UCON51,Unknown,Unknown
Eulor2B,0.0,0.0,1.0,1.0,Eulor2B,Unknown,Unknown
HERV-Fc1_LTR2,0.0,0.0,1.0,1.0,HERV-Fc1_LTR2,LTR,LTR
Eulor7,0.0,0.0,1.0,1.0,Eulor7,Unknown,Unknown
MER9B,0.0,0.0,1.0,1.0,MER9B,LTR,LTR
Eulor2C,0.0,0.0,1.0,1.0,Eulor2C,Unknown,Unknown
Eulor3,0.0,0.0,1.0,1.0,Eulor3,Unknown,Unknown
LTR22C,0.0,0.0,1.0,1.0,LTR22C,LTR,LTR
HERV-Fc1_LTR1,0.0,0.0,1.0,1.0,HERV-Fc1_LTR1,LTR,LTR
Eulor6A,0.0,0.0,1.0,1.0,Eulor6A,Unknown,Unknown
LTR21C,0.0,0.0,1.0,1.0,LTR21C,LTR,LTR
Eulor6E,0.0,0.0,1.0,1.0,Eulor6E,Unknown,Unknown
UCON11,0.0,0.0,1.0,1.0,UCON11,Unknown,Unknown
MER136,0.0,0.0,1.0,1.0,MER136,LTR,LTR
MLT1E-int,0.0,0.0,1.0,1.0,MLT1E-int,LTR,LTR
CRP1,0.0,0.0,1.0,1.0,CRP1,Unknown,Unknown
LTR108c_Mam,0.0,0.0,1.0,1.0,LTR108c_Mam,LTR,LTR
MER132,0.0,0.0,1.0,1.0,MER132,LTR,LTR
MamRep1161,0.0,0.0,1.0,1.0,MamRep1161,Unknown,Unknown
HERV-Fc2_LTR,0.0,0.0,1.0,1.0,HERV-Fc2_LTR,LTR,LTR
HERV1_LTRe,0.0,0.0,1.0,1.0,HERV1_LTRe,LTR,LTR
MLT1O-int,0.0,0.0,1.0,1.0,MLT1O-int,LTR,LTR
Eulor12,0.0,0.0,1.0,1.0,Eulor12,Unknown,Unknown
MLT1M-int,0.0,0.0,1.0,1.0,MLT1M-int,LTR,LTR
HERV-Fc2-int,0.0,0.0,1.0,1.0,HERV-Fc2-int,Unknown,Unknown
Chompy-6_Croc,0.0,0.0,1.0,1.0,Chompy-6_Croc,Unknown,Unknown
Chompy-7_Croc,0.0,0.0,1.0,1.0,Chompy-7_Croc,Unknown,Unknown
CR1-11_Crp,0.0,0.0,1.0,1.0,CR1-11_Crp,Unknown,Unknown
MLT1E1-int,0.0,0.0,1.0,1.0,MLT1E1-int,LTR,LTR
MST-int,-0.0010676159,-0.2879839,0.9991481658953806,1.0,MST-int,Unknown,Unknown
LTR2752,-0.0010676159,-0.31667975,0.9991481658953806,1.0,LTR2752,LTR,LTR
Zaphod3,-0.0035587198,0.04671453,0.9971605584385461,1.0,Zaphod3,Unknown,Unknown
HUERS-P2-int,-0.0049822074,0.060679182,0.9960247898689917,1.0,HUERS-P2-int,Unknown,Unknown
L1M2,-0.008540927,-0.07466734,0.993185408719747,1.0,L1M2,LINE-1,LINE
AluJb,-0.0088968,0.01595208,0.9929014747580985,1.0,AluJb,Alu,SINE
LTR3A,-0.0106761595,-0.3456904,0.991481819153485,1.0,LTR3A,LTR,LTR
LTR57,-0.013523135,-0.19796704,0.9892104281502497,1.0,LTR57,LTR,LTR
MER76,-0.013879007,-0.2596049,0.9889265100459793,1.0,MER76,LTR,LTR
hAT-N1_Mam,-0.016014239,-0.029520445,0.9872230321270904,1.0,hAT-N1_Mam,Unknown,Unknown
Charlie20a,-0.01637011,-0.19878389,0.9869391245939133,1.0,Charlie20a,Unknown,Unknown
MSTB-int,-0.02704627,-0.3036527,0.9784228292349518,1.0,MSTB-int,Unknown,Unknown
MER50C,-0.02882563,-0.32792264,0.9770036595250592,1.0,MER50C,LTR,LTR
LTR57-int,-0.029181503,-0.114112474,0.9767198341740991,1.0,LTR57-int,LTR,LTR
L4_B_Mam,-0.029537374,-0.036698136,0.9764360117706156,1.0,L4_B_Mam,Unknown,Unknown
LTR1C,-0.030249119,-1.9587379,0.9758683759497316,1.0,LTR1C,LTR,LTR
LTR72B,-0.030249119,-1.007183,0.9758683759497316,1.0,LTR72B,LTR,LTR
MER5B,-0.031316735,0.14137278,0.9750169452222842,1.0,MER5B,LTR,LTR
AluSg7,-0.034519583,0.24551074,0.9724628277164125,1.0,AluSg7,Alu,SINE
LTR35,-0.03772243,0.014122001,0.9699089925803878,1.0,LTR35,LTR,LTR
ORSL-2a,-0.040569406,-0.12211455,0.9676391751063377,1.0,ORSL-2a,Unknown,Unknown
L1MB5,-0.040925276,-0.10176306,0.967355465977778,1.0,L1MB5,LINE-1,LINE
LTR12E,-0.04128115,-0.025866639,0.9670717609811731,1.0,LTR12E,LTR,LTR
MER34D,-0.04199289,-0.25394306,0.9665043635273025,1.0,MER34D,LTR,LTR
LTR8A,-0.042348765,-0.31573,0.9662206711417701,1.0,LTR8A,LTR,LTR
LTR19-int,-0.042704638,-0.1608029,0.9659369830316594,1.0,LTR19-int,LTR,LTR
Eulor5B,-0.044128124,-0.37722084,0.9648022740626606,1.0,Eulor5B,Unknown,Unknown
HERV1_LTRc,-0.04483987,-1.4737301,0.9642349461630416,1.0,HERV1_LTRc,LTR,LTR
LTR38B,-0.04483987,-0.36659056,0.9642349461630416,1.0,LTR38B,LTR,LTR
UCON21,-0.04483987,-1.7402604,0.9642349461630416,1.0,UCON21,Unknown,Unknown
Eulor10,-0.04483987,-1.4236909,0.9642349461630416,1.0,Eulor10,Unknown,Unknown
MLT1E1A-int,-0.04483987,-1.1860498,0.9642349461630416,1.0,MLT1E1A-int,LTR,LTR
L1P,-0.04483987,-0.847292,0.9642349461630416,1.0,L1P,LINE-1,LINE
LOR1-int,-0.046263356,-0.17609292,0.963100344967703,1.0,LOR1-int,Unknown,Unknown
Eulor9A,-0.046263356,-0.36827257,0.963100344967703,1.0,Eulor9A,Unknown,Unknown
Tigger17a,-0.046975102,0.014348788,0.9625330722455565,1.0,Tigger17a,Unknown,Unknown
MamGypLTR1d,-0.04733097,0.0066213747,0.9622494429788191,1.0,MamGypLTR1d,LTR,LTR
LTR39-int,-0.047686845,-0.44509187,0.9619658184894266,1.0,LTR39-int,LTR,LTR
MER2,-0.051245563,0.022543766,0.9591298442330314,1.0,MER2,LTR,LTR
LTR26C,-0.053380795,0.24357179,0.9574285056165769,1.0,LTR26C,LTR,LTR
Charlie7,-0.054804284,-0.011960613,0.956294387121598,1.0,Charlie7,Unknown,Unknown
MLT1B,-0.054804284,0.026343789,0.956294387121598,1.0,MLT1B,LTR,LTR
L1PA5,-0.054804284,0.08949308,0.956294387121598,1.0,L1PA5,LINE-1,LINE
HERVS71-int,-0.05765126,-0.37967694,0.9540264178408246,1.0,HERVS71-int,Unknown,Unknown
Eulor5A,-0.05978649,-0.623377,0.9523256841445309,1.0,Eulor5A,Unknown,Unknown
MLT2B5,-0.060498238,-0.33906046,0.9517588207750042,1.0,MLT2B5,LTR,LTR
LTR81,-0.06263347,-0.7161722,0.9500583782598511,1.0,LTR81,LTR,LTR
HAL1ME,-0.06583632,0.0018499349,0.9475081432687028,1.0,HAL1ME,Unknown,Unknown
FordPrefect,-0.06654806,-0.3595548,0.946941496485113,1.0,FordPrefect,Unknown,Unknown
MER83,-0.069750905,-0.350398,0.9443919222129311,1.0,MER83,LTR,LTR
MER9a1,-0.069750905,-0.15145709,0.9443919222129311,1.0,MER9a1,LTR,LTR
MERX,-0.07188614,-0.08997378,0.9426925208223014,1.0,MERX,LTR,LTR
MER44C,-0.07188614,-0.07458561,0.9426925208223014,1.0,MER44C,LTR,LTR
UCON79,-0.07259788,-0.33321038,0.942126111273071,1.0,UCON79,Unknown,Unknown
LTR5,-0.07686835,-0.894555,0.9387282785559843,1.0,LTR5,LTR,LTR
LTR14B,-0.07686835,-0.33496356,0.9387282785559843,1.0,LTR14B,LTR,LTR
AluYe6,-0.077580094,-0.1575812,0.9381620798620965,1.0,AluYe6,Alu,SINE
MER102c,-0.077580094,-0.017763661,0.9381620798620965,1.0,MER102c,LTR,LTR
MLT1I-int,-0.07900358,0.005041476,0.9370297765484468,1.0,MLT1I-int,LTR,LTR
LTR23,-0.08185055,-0.2620214,0.934765554197833,1.0,LTR23,LTR,LTR
MER72,-0.08220643,-0.3166437,0.934482563124427,1.0,MER72,LTR,LTR
MamGypLTR3,-0.0825623,-0.2650311,0.9341995803297933,1.0,MamGypLTR3,LTR,LTR
Charlie13a,-0.08362991,-0.15253212,0.9333506819744611,1.0,Charlie13a,Unknown,Unknown
Charlie4,-0.085409276,-0.1370218,0.9319360202792711,1.0,Charlie4,Unknown,Unknown
LTR47B4,-0.088967994,-0.8138877,0.9291073462593614,1.0,LTR47B4,LTR,LTR
LTR43-int,-0.088967994,-0.55858564,0.9291073462593614,1.0,LTR43-int,LTR,LTR
Charlie12,-0.08967974,-0.9619687,0.9285417177723145,1.0,Charlie12,Unknown,Unknown
MLT1F1-int,-0.09039148,-0.7255565,0.9279761253876209,1.0,MLT1F1-int,LTR,LTR
LTR28,-0.09039148,-1.210288,0.9279761253876209,1.0,LTR28,LTR,LTR
MER94B,-0.091103226,0.02147341,0.9274105693894754,1.0,MER94B,LTR,LTR
LTR26B,-0.09217084,-0.4848705,0.9265623042385751,1.0,LTR26B,LTR,LTR
L1ME3A,-0.093950205,-0.09276233,0.9251487149443315,1.0,L1ME3A,LINE-1,LINE
MER127,-0.09750892,-0.101346835,0.9223222496653368,1.0,MER127,LTR,LTR
MamGyp-int,-0.100000024,-0.6808315,0.9203443053371442,1.0,MamGyp-int,Unknown,Unknown
L4_C_Mam,-0.102847,-0.0025028982,0.918084401505034,1.0,L4_C_Mam,Unknown,Unknown
LTR108b_Mam,-0.105338104,-23.089025,0.9161075277589436,1.0,LTR108b_Mam,LTR,LTR
Eulor6B,-0.105338104,-22.262354,0.9161075277589436,1.0,Eulor6B,Unknown,Unknown
LTR108d_Mam,-0.105338104,-23.308086,0.9161075277589436,1.0,LTR108d_Mam,LTR,LTR
LTR06,-0.105338104,-23.443827,0.9161075277589436,1.0,LTR06,LTR,LTR
Eulor11,-0.105338104,-23.826603,0.9161075277589436,1.0,Eulor11,Unknown,Unknown
UCON7,-0.105338104,-23.18532,0.9161075277589436,1.0,UCON7,Unknown,Unknown
LTR23-int,-0.10676159,-0.64868736,0.9149781177168912,1.0,LTR23-int,LTR,LTR
MamRep1894,-0.107473336,-0.3347086,0.9144134769148698,1.0,MamRep1894,Unknown,Unknown
LTR45B,-0.10889682,-0.5096723,0.9132843251626036,1.0,LTR45B,LTR,LTR
LTR75_1,-0.110320315,-0.85978675,0.912155348430296,1.0,LTR75_1,LTR,LTR
Tigger17c,-0.110676184,-0.16014436,0.9118731318589761,1.0,Tigger17c,Unknown,Unknown
UCON33,-0.1142349,-0.013594133,0.9090515833115231,1.0,UCON33,Unknown,Unknown
MER83B-int,-0.11530252,-0.5018803,0.9082053407710231,1.0,MER83B-int,LTR,LTR
HERVK14-int,-0.116370134,-0.320204,0.907359202395549,1.0,HERVK14-int,Unknown,Unknown
LTR14A,-0.118505366,-0.6056877,0.9056672419452837,1.0,LTR14A,LTR,LTR
MER65B,-0.11921711,-0.72802716,0.9051033498804155,1.0,MER65B,LTR,LTR
LTR14,-0.12206409,-1.0458522,0.9028482628897636,1.0,LTR14,LTR,LTR
LTR27C,-0.12384345,-0.37666288,0.9014392302676802,1.0,LTR27C,LTR,LTR
MER61C,-0.12669042,-0.2295657,0.8991854256621702,1.0,MER61C,LTR,LTR
LTR46,-0.12811391,-0.353532,0.898058827023396,1.0,LTR46,LTR,LTR
AluSz,-0.13060501,0.02048225,0.8960877750896951,1.0,AluSz,Alu,SINE
LTR22B1,-0.13238437,-0.7627903,0.8946802727087317,1.0,LTR22B1,LTR,LTR
Eulor6C,-0.13309611,-0.76092345,0.8941173643343894,1.0,Eulor6C,Unknown,Unknown
LTR40c,-0.13380787,-0.44173717,0.8935545092820308,1.0,LTR40c,LTR,LTR
LTR13_,-0.1345196,-0.9407777,0.892991707831709,1.0,LTR13_,LTR,LTR
LTR22A,-0.1345196,-1.0611386,0.892991707831709,1.0,LTR22A,LTR,LTR
THE1A,-0.13558723,-0.030343875,0.8921476067724607,1.0,THE1A,Unknown,Unknown
Charlie4z,-0.13558723,-0.011667225,0.8921476067724607,1.0,Charlie4z,Unknown,Unknown
MamRep488,-0.1423488,-0.07284149,0.8868045096257763,1.0,MamRep488,Unknown,Unknown
LTR78B,-0.14306054,-0.1357111,0.8862423732141148,1.0,LTR78B,LTR,LTR
LTR80B,-0.14412814,-0.7443484,0.8853992759997794,1.0,LTR80B,LTR,LTR
LTR43,-0.14448403,-0.41907638,0.885118272375278,1.0,LTR43,LTR,LTR
LTR48,-0.14697513,-0.27422082,0.8831516535046661,1.0,LTR48,LTR,LTR
HERVL18-int,-0.1498221,-1.7277898,0.8809049712952646,1.0,HERVL18-int,Unknown,Unknown
LTR1B0,-0.15053384,-2.4639893,0.8803434497500419,1.0,LTR1B0,LTR,LTR
LTR22B2,-0.15053384,-2.578397,0.8803434497500419,1.0,LTR22B2,LTR,LTR
HERV1_LTRa,-0.15053384,-2.9313726,0.8803434497500419,1.0,HERV1_LTRa,LTR,LTR
UCON81,-0.15053384,-2.2015545,0.8803434497500419,1.0,UCON81,Unknown,Unknown
LTR81AB,-0.15053384,-2.7789774,0.8803434497500419,1.0,LTR81AB,LTR,LTR
LTR80A,-0.15088972,-0.60634863,0.8800627115197063,1.0,LTR80A,LTR,LTR
LTR44,-0.15195733,-0.41468275,0.8792205874147432,1.0,LTR44,LTR,LTR
MLT2D,-0.15587193,-0.083029754,0.8761339749182624,1.0,MLT2D,LTR,LTR
MLT1D,-0.16085413,-0.102970555,0.8722082881291677,1.0,MLT1D,LTR,LTR
MER126,-0.16476873,-0.5292835,0.8691260213677663,1.0,MER126,LTR,LTR
LTR22E,-0.16654809,-0.82926697,0.8677256452615115,1.0,LTR22E,LTR,LTR
HERVKC4-int,-0.16725983,-0.88278663,0.8671656107604258,1.0,HERVKC4-int,Unknown,Unknown
MLT1A1,-0.17188616,0.00038795208,0.8635270238021262,1.0,MLT1A1,LTR,LTR
MER51E,-0.17437726,-0.58937716,0.8615689778359514,1.0,MER51E,LTR,LTR
MER45C,-0.17615663,-0.06845667,0.8601708935249671,1.0,MER45C,LTR,LTR
MER63D,-0.17758012,-0.18360597,0.8590527413421156,1.0,MER63D,LTR,LTR
MER70C,-0.17793599,-0.48187876,0.8587732473691815,1.0,MER70C,LTR,LTR
UCON39,-0.17935948,-0.8005799,0.8576554487969004,1.0,UCON39,Unknown,Unknown
MER94,-0.18149471,-0.039284114,0.8559792866646728,1.0,MER94,LTR,LTR
L2-1_Crp,-0.18149471,-1.2048616,0.8559792866646728,1.0,L2-1_Crp,LINE-2,LINE
MER61B,-0.18327406,-0.4145905,0.8545829806762486,1.0,MER61B,LTR,LTR
LTR49,-0.18434168,-0.31126648,0.853745415342192,1.0,LTR49,LTR,LTR
X7A_LINE,-0.1854093,-0.21016626,0.8529080148298819,1.0,X7A_LINE,Unknown,Unknown
MER41E,-0.18896802,-0.72607803,0.8501178820000147,1.0,MER41E,LTR,LTR
MER113A,-0.19145912,-0.17379235,0.8481659030272418,1.0,MER113A,LTR,LTR
MSTC,-0.19252674,-0.093494765,0.8473296248577262,1.0,MSTC,Unknown,Unknown
MLT1K,-0.19395022,0.0031539574,0.8462148548177529,1.0,MLT1K,LTR,LTR
Eulor9C,-0.1943061,-1.2503691,0.8459362103056149,1.0,Eulor9C,Unknown,Unknown
MER75A,-0.1943061,-1.5352988,0.8459362103056149,1.0,MER75A,LTR,LTR
MER125,-0.1943061,-1.2880889,0.8459362103056149,1.0,MER125,LTR,LTR
MER68C,-0.1943061,-1.5011125,0.8459362103056149,1.0,MER68C,LTR,LTR
MER123,-0.19572958,-1.9197559,0.8448218252672544,1.0,MER123,LTR,LTR
LTR12_,-0.19608545,-0.33088818,0.8445432774299166,1.0,LTR12_,LTR,LTR
LTR86A2,-0.20142354,-0.5394903,0.8403674112600392,1.0,LTR86A2,LTR,LTR
LTR54B,-0.20355877,-0.30443165,0.8386983149128217,1.0,LTR54B,LTR,LTR
MER41-int,-0.20498225,-0.05310309,0.8375859865127981,1.0,MER41-int,LTR,LTR
MER107,-0.20498225,-0.3459211,0.8375859865127981,1.0,MER107,LTR,LTR
L1MA4,-0.20533814,-0.13090089,0.8373079550345021,1.0,L1MA4,LINE-1,LINE
LTR16,-0.20604987,-0.20110402,0.8367519530600926,1.0,LTR16,LTR,LTR
HUERS-P1-int,-0.20640574,-0.031871226,0.8364739826314148,1.0,HUERS-P1-int,Unknown,Unknown
LTR1D,-0.20782924,-0.40686738,0.8353623054266076,1.0,LTR1D,LTR,LTR
CR1-L3B_Croc,-0.21067621,-23.864716,0.8331399396686641,1.0,CR1-L3B_Croc,Unknown,Unknown
MSTA1-int,-0.21067621,-24.290577,0.8331399396686641,1.0,MSTA1-int,Unknown,Unknown
MER121B,-0.21067621,-23.822844,0.8331399396686641,1.0,MER121B,LTR,LTR
Helitron3Na_Mam,-0.21138795,-0.31774032,0.8325845557683654,1.0,Helitron3Na_Mam,Unknown,Unknown
HERV9NC-int,-0.21565841,-0.48951685,0.8292540163897539,1.0,HERV9NC-int,Unknown,Unknown
L1P2,-0.2185054,-0.095485054,0.8270353565000567,1.0,L1P2,LINE-1,LINE
MER57F,-0.21992888,-0.29837692,0.8259265428928533,1.0,MER57F,LTR,LTR
Ricksha_c,-0.22526696,-0.17865773,0.8217716004625596,1.0,Ricksha_c,Unknown,Unknown
LTR16D2,-0.22562283,-0.97178215,0.8214947805968114,1.0,LTR16D2,LTR,LTR
MLT1-int,-0.22704633,-0.45017636,0.8203877237240697,1.0,MLT1-int,LTR,LTR
MLT1K-int,-0.22775806,-1.2070193,0.8198343293073933,1.0,MLT1K-int,LTR,LTR
AmnSINE2,-0.23451963,-0.5345697,0.8145815936965425,1.0,AmnSINE2,Unknown,Unknown
MSTB1-int,-0.23594312,-0.86435175,0.8134768075336909,1.0,MSTB1-int,Unknown,Unknown
MER68-int,-0.23914596,-0.3013478,0.810992398330472,1.0,MER68-int,LTR,LTR
MER91B,-0.2412812,-0.20083879,0.809337180823148,1.0,MER91B,LTR,LTR
MER87B,-0.2540926,-0.66733,0.7994240270677919,1.0,MER87B,LTR,LTR
LTR19C,-0.25551608,-2.5117943,0.7983245264697844,1.0,LTR19C,LTR,LTR
MER72B,-0.25622782,-3.1905484,0.7977749259814254,1.0,MER72B,LTR,LTR
Charlie21a,-0.25622782,-0.15165956,0.7977749259814254,1.0,Charlie21a,Unknown,Unknown
LTR15,-0.2615659,-0.37738562,0.7936561347992641,1.0,LTR15,LTR,LTR
LTR10B,-0.26192176,-1.0551062,0.7933817518452837,1.0,LTR10B,LTR,LTR
Helitron1Na_Mam,-0.26192176,-1.0637861,0.7933817518452837,1.0,Helitron1Na_Mam,Unknown,Unknown
HERVE_a-int,-0.26334527,-0.83542186,0.7922844760950343,1.0,HERVE_a-int,Unknown,Unknown
LTR86B1,-0.2704627,-0.69396514,0.7868043075185649,1.0,LTR86B1,LTR,LTR
LTR24C,-0.27259794,-0.39851412,0.7851623003877206,1.0,LTR24C,LTR,LTR
Ricksha_b,-0.27971536,-0.67276025,0.7796958827425031,1.0,Ricksha_b,Unknown,Unknown
L1MD,-0.28149474,0.05083032,0.7783309671220126,1.0,L1MD,LINE-1,LINE
LTR1B1,-0.28540933,-1.6296395,0.7753305642314684,1.0,LTR1B1,LTR,LTR
Charlie22a,-0.28612107,-0.100239724,0.7747853951522937,1.0,Charlie22a,Unknown,Unknown
MER51C,-0.2868328,-0.67839956,0.7742403370827353,1.0,MER51C,LTR,LTR
MER1B,-0.2996442,-0.05853852,0.7644485626111952,1.0,MER1B,LTR,LTR
Arthur1A,-0.3007118,-0.5053144,0.7636342547337596,1.0,Arthur1A,Unknown,Unknown
Tigger17b,-0.30142355,-0.9208123,0.7630915279785218,1.0,Tigger17b,Unknown,Unknown
MLT1J,-0.30177945,-0.015297497,0.7628202082435901,1.0,MLT1J,LTR,LTR
Charlie30a,-0.311388,-0.369384,0.7555056911733864,1.0,Charlie30a,Unknown,Unknown
AluYk2,-0.31708193,-0.089394264,0.7511814351037516,1.0,AluYk2,Alu,SINE
MLT1G3,-0.3185054,-0.3202695,0.7501015849417272,1.0,MLT1G3,LTR,LTR
MamGypLTR2b,-0.31886128,-0.57276773,0.7498316988058042,1.0,MamGypLTR2b,LTR,LTR
L1MEg1,-0.32348764,-0.27666268,0.7463259769185946,1.0,L1MEg1,LINE-1,LINE
MER33,-0.325267,-0.040561937,0.7449790146396923,1.0,MER33,LTR,LTR
MSTC-int,-0.3302492,-1.2042974,0.7412116785622668,1.0,MSTC-int,Unknown,Unknown
LTR84a,-0.3352314,-0.39445305,0.7374505360373014,1.0,LTR84a,LTR,LTR
MER89-int,-0.33879012,-0.51972926,0.7347678436406249,1.0,MER89-int,LTR,LTR
Tigger2b_Pri,-0.3416371,-0.07973509,0.7326240156529278,1.0,Tigger2b_Pri,Unknown,Unknown
LTR33,-0.3427047,-0.07911323,0.7318206166516183,1.0,LTR33,LTR,LTR
X1_LINE,-0.34377232,-1.4528888,0.7310175115417386,1.0,X1_LINE,Unknown,Unknown
MER11B,-0.3544485,-0.33188933,0.7230028016489476,1.0,MER11B,LTR,LTR
LTR16B,-0.35800722,-0.9584589,0.7203379193007123,1.0,LTR16B,LTR,LTR
MER31A,-0.36121005,-0.40624636,0.7179424253827977,1.0,MER31A,LTR,LTR
LTR47A,-0.36476877,-0.36709332,0.7152840148659043,1.0,LTR47A,LTR,LTR
MLT1G1-int,-0.37010685,-1.2344469,0.7113028744405789,1.0,MLT1G1-int,LTR,LTR
MLT1H,-0.37473318,-0.07506164,0.7078589051496622,1.0,MLT1H,LTR,LTR
LTR88a,-0.37508905,-1.1257302,0.7075942307168742,1.0,LTR88a,LTR,LTR
LTR56,-0.37508905,-0.5826939,0.7075942307168742,1.0,LTR56,LTR,LTR
MER49,-0.38078302,-0.28808403,0.7033642638636624,1.0,MER49,LTR,LTR
LTR17,-0.38291824,-0.2623567,0.7017803819007655,1.0,LTR17,LTR,LTR
LTR10D,-0.39074743,-0.38185728,0.6959839364493186,1.0,LTR10D,LTR,LTR
LTR53-int,-0.39288267,-0.8995676,0.6944061479057413,1.0,LTR53-int,LTR,LTR
LTR13,-0.3935944,-0.44107547,0.6938805121008559,1.0,LTR13,LTR,LTR
L1M3,-0.39644137,-0.12863316,0.6917794434307696,1.0,L1M3,LINE-1,LINE
MLT1E2,-0.39715314,-0.12714906,0.691254546023457,1.0,MLT1E2,LTR,LTR
AluYk12,-0.40569407,-0.38335118,0.6849674124888966,1.0,AluYk12,Alu,SINE
LTR38,-0.40747342,-1.1040164,0.6836603175723419,1.0,LTR38,LTR,LTR
Zaphod,-0.4099645,-0.43909535,0.6818319770173409,1.0,Zaphod,Unknown,Unknown
L4_A_Mam,-0.41245562,-0.074878074,0.6800055027269539,1.0,L4_A_Mam,Unknown,Unknown
LTR66,-0.41814956,-1.1301417,0.675837762827214,1.0,LTR66,LTR,LTR
MADE1,-0.41886133,-0.117575854,0.6753174899404999,1.0,MADE1,Unknown,Unknown
L1ME4a,-0.41886133,-0.21047132,0.6753174899404999,1.0,L1ME4a,LINE-1,LINE
LTR22B,-0.41992894,-0.3688058,0.6745373714564433,1.0,LTR22B,LTR,LTR
X2_LINE,-0.4217083,-1.3071651,0.6732379513810298,1.0,X2_LINE,Unknown,Unknown
MamGypLTR3a,-0.42242002,-0.46034592,0.6727184560722215,1.0,MamGypLTR3a,LTR,LTR
HERV9-int,-0.4231318,-0.42512494,0.6721991169287425,1.0,HERV9-int,Unknown,Unknown
Charlie10b,-0.42704636,-0.9246929,0.6693455527389249,1.0,Charlie10b,Unknown,Unknown
L1MC4a,-0.4302492,-0.093504444,0.6670143620100131,1.0,L1MC4a,LINE-1,LINE
PABL_B,-0.4320286,-1.2813507,0.6657206419352903,1.0,PABL_B,Unknown,Unknown
Tigger4a,-0.43380794,-0.035253435,0.6644279160051633,1.0,Tigger4a,Unknown,Unknown
HERV3-int,-0.44733107,-0.78697836,0.6546360338471837,1.0,HERV3-int,Unknown,Unknown
MER112,-0.45160154,-0.06345221,0.6515560619255072,1.0,MER112,LTR,LTR
Penelope1_Vert,-0.4519574,-0.5071858,0.6512996648431858,1.0,Penelope1_Vert,Unknown,Unknown
L5,-0.4533809,-0.3589499,0.650274489125396,1.0,L5,Unknown,Unknown
MLT1A0-int,-0.45444852,-0.4009741,0.6495060413015237,1.0,MLT1A0-int,LTR,LTR
MER2B,-0.45622787,-0.20507318,0.6482261235875887,1.0,MER2B,LTR,LTR
AluYh3,-0.46014246,-0.028907558,0.6454139650230255,1.0,AluYh3,Alu,SINE
HERVIP10F-int,-0.4622777,-0.8683596,0.6438821912886357,1.0,HERVIP10F-int,Unknown,Unknown
LTR102_Mam,-0.46334532,-0.85986394,0.6431168707866047,1.0,LTR102_Mam,LTR,LTR
MER4A,-0.4672599,-0.42167348,0.6403139390144347,1.0,MER4A,LTR,LTR
LTR47B,-0.46761578,-4.5051503,0.6400593805265027,1.0,LTR47B,LTR,LTR
AluYi6,-0.48220652,-0.21954834,0.6296592400548713,1.0,AluYi6,Alu,SINE
LTR27,-0.48469764,-1.5997443,0.6278908467242996,1.0,LTR27,LTR,LTR
MER5C1,-0.48469764,-0.33663312,0.6278908467242996,1.0,MER5C1,LTR,LTR
AluSq2,-0.5074734,-0.01598472,0.6118226690038315,1.0,AluSq2,Alu,SINE
MER75B,-0.5096087,-1.1994468,0.6103256485869913,1.0,MER75B,LTR,LTR
MLT1F,-0.5256229,-0.16501017,0.5991502363208709,1.0,MLT1F,LTR,LTR
LTR21B,-0.52669054,-25.778566,0.5984085165494863,1.0,LTR21B,LTR,LTR
Kanga11a,-0.530961,-0.31948677,0.5954458130994099,1.0,Kanga11a,Unknown,Unknown
LTR10A,-0.53274035,-0.7122929,0.5942133315357584,1.0,LTR10A,LTR,LTR
MER39,-0.5437724,-0.21030982,0.5865981177277957,1.0,MER39,LTR,LTR
MER34B,-0.54661936,-0.5593971,0.5846402686632304,1.0,MER34B,LTR,LTR
Tigger10,-0.55053395,-0.16694716,0.5819531994912257,1.0,Tigger10,Unknown,Unknown
AluYk11,-0.5523133,-0.2688491,0.580733714989843,1.0,AluYk11,Alu,SINE
Tigger7,-0.55444854,-0.14556505,0.5792719150210479,1.0,Tigger7,Unknown,Unknown
MER66C,-0.55800724,-1.388581,0.5768394274923578,1.0,MER66C,LTR,LTR
MER102a,-0.55836314,-0.19566964,0.5765964437986945,1.0,MER102a,LTR,LTR
Tigger16a,-0.56049836,-0.26786065,0.5751395562038986,1.0,Tigger16a,Unknown,Unknown
MER6C,-0.56227773,-2.7606387,0.5739268141303029,1.0,MER6C,LTR,LTR
L1MB4,-0.569751,-0.0616647,0.5688465709261669,1.0,L1MB4,LINE-1,LINE
MamTip2,-0.57046276,-0.14902139,0.5683638609931552,1.0,MamTip2,Unknown,Unknown
MLT1H-int,-0.57829195,-0.87017226,0.5630670206673343,1.0,MLT1H-int,LTR,LTR
L1M3f,-0.5811389,-0.26016128,0.5611468180052029,1.0,L1M3f,LINE-1,LINE
LOR1b,-0.5829183,-0.7466718,0.5599483026499168,1.0,LOR1b,Unknown,Unknown
MER57B2,-0.5946621,-0.39835772,0.552069379144017,1.0,MER57B2,LTR,LTR
LTR9B,-0.5967973,-0.54273415,0.5506427180237684,1.0,LTR9B,LTR,LTR
L1M3de,-0.60604995,-0.7090916,0.5444815678222819,1.0,L1M3de,LINE-1,LINE
LTR104_Mam,-0.611388,-0.8286387,0.5409427084953311,1.0,LTR104_Mam,LTR,LTR
MER65A,-0.6145909,-0.59812886,0.5388249236098996,1.0,MER65A,LTR,LTR
PRIMA4_LTR,-0.6327404,-0.9204139,0.5269032000021032,1.0,PRIMA4_LTR,LTR,LTR
LTR16E1,-0.64199305,-0.4689743,0.5208776987210431,1.0,LTR16E1,LTR,LTR
MamTip3,-0.64234895,-0.7362785,0.5206466594019277,1.0,MamTip3,Unknown,Unknown
AluYe5,-0.64590764,-0.14686422,0.5183391734879845,1.0,AluYe5,Alu,SINE
LTR41C,-0.6548044,-0.56395507,0.5125936739925625,1.0,LTR41C,LTR,LTR
Charlie15a,-0.65800726,-0.20943421,0.5105334505901096,1.0,Charlie15a,Unknown,Unknown
FAM,-0.65943074,-0.05396928,0.509619187266085,1.0,FAM,Unknown,Unknown
MER45A,-0.6768685,-0.422444,0.49848939240362533,1.0,MER45A,LTR,LTR
MLT1F1,-0.68149483,-0.23451588,0.49555843412778877,1.0,MLT1F1,LTR,LTR
LTR82A,-0.6832742,-0.6851245,0.4944335973413154,1.0,LTR82A,LTR,LTR
MER113B,-0.6854094,-0.78270507,0.4930855974540873,1.0,MER113B,LTR,LTR
LTR8,-0.70035607,-0.30954966,0.48370497658217204,1.0,LTR8,LTR,LTR
L1ME3Cz,-0.70391476,-0.10300576,0.4814858533523457,1.0,L1ME3Cz,LINE-1,LINE
AluJr4,-0.71138805,-0.09039361,0.4768437831837692,1.0,AluJr4,Alu,SINE
MER58C,-0.719929,-0.24429423,0.4715687066453743,1.0,MER58C,LTR,LTR
Tigger3,-0.7202849,-0.2672674,0.4713496122451113,1.0,Tigger3,Unknown,Unknown
MER57E1,-0.7348756,-0.5952722,0.4624152408301052,1.0,MER57E1,LTR,LTR
MER119,-0.7444842,-0.28738263,0.45658361192439134,1.0,MER119,LTR,LTR
ORSL-2b,-0.77935964,-0.3942475,0.4357678986935848,1.0,ORSL-2b,Unknown,Unknown
Charlie15b,-0.7825625,-0.25169885,0.43388408412761736,1.0,Charlie15b,Unknown,Unknown
FRAM,-0.78896815,-0.035019107,0.43013060960927085,1.0,FRAM,Unknown,Unknown
MER51A,-0.8380785,-0.62586284,0.40198661475524866,1.0,MER51A,LTR,LTR
Charlie2a,-0.85302514,-0.27691978,0.3936453700885464,1.0,Charlie2a,Unknown,Unknown
MLT1A0,-0.8765127,-0.20336066,0.38075138751384907,1.0,MLT1A0,LTR,LTR
MER44A,-0.89715326,-0.29091528,0.36963714624064725,1.0,MER44A,LTR,LTR
MamRep434,-0.90355897,-0.37629637,0.36622931769577083,1.0,MamRep434,Unknown,Unknown
MER96B,-0.9039148,-0.53488815,0.3660405703137727,1.0,MER96B,LTR,LTR
AluSc8,-0.9131675,-0.19331703,0.3611544586952401,1.0,AluSc8,Alu,SINE
LTR12C,-0.9160145,-0.33064637,0.3596593071431632,1.0,LTR12C,LTR,LTR
AluJo,-0.92526716,-0.060216136,0.3548269678896634,1.0,AluJo,Alu,SINE
AluYj4,-0.93665504,-0.23625077,0.3489360293810929,1.0,AluYj4,Alu,SINE
MER101,-0.972954,-0.62137175,0.33057617322807265,1.0,MER101,LTR,LTR
MLT1E1A,-0.9829184,-0.3040358,0.3256476019210517,1.0,MLT1E1A,LTR,LTR
AluSp,-0.98612124,-0.035803128,0.3240736189339535,1.0,AluSp,Alu,SINE
L1ME4b,-1.0156586,-0.3877951,0.3097919794544497,1.0,L1ME4b,LINE-1,LINE
MER5A1,-1.0658365,-0.21144377,0.286497526864395,1.0,MER5A1,LTR,LTR
AluYi6_4d,-1.0765127,-0.961362,0.28169801155691954,1.0,AluYi6_4d,Alu,SINE
AluYk3,-1.1142352,-0.19471559,0.26517831631751176,1.0,AluYk3,Alu,SINE
MER5C,-1.1405697,-0.43362167,0.25404903899690967,1.0,MER5C,LTR,LTR
AluSx4,-1.1669042,-0.0977924,0.24324905550128573,1.0,AluSx4,Alu,SINE
AluYa8,-1.16726,-0.6868566,0.24310535384338283,1.0,AluYa8,Alu,SINE
THE1C,-1.1733099,-0.19868995,0.2406715513620763,1.0,THE1C,Unknown,Unknown
Tigger13a,-1.1843419,-0.28730202,0.2362777343806558,1.0,Tigger13a,Unknown,Unknown
L1ME3C,-1.2839861,-0.28508788,0.1991468223963846,1.0,L1ME3C,LINE-1,LINE
L1PA16,-1.3316729,-0.22956586,0.182967686585788,1.0,L1PA16,LINE-1,LINE
MER4D1,-1.3437725,-0.5121738,0.1790219380933984,1.0,MER4D1,LTR,LTR
AluYk4,-1.3576516,-0.28370762,0.17457426477011007,1.0,AluYk4,Alu,SINE
L1MC1,-1.4491107,-0.19469067,0.14730667388916793,1.0,L1MC1,LINE-1,LINE
AluSx,-1.5640574,-0.027091172,0.11780410416154939,1.0,AluSx,Alu,SINE
FLAM_C,-1.6345199,-0.085485965,0.1021497129890719,1.0,FLAM_C,Unknown,Unknown
Tigger4b,-1.7274026,-0.3823808,0.08409538890627208,1.0,Tigger4b,Unknown,Unknown
MER30,-1.7551606,-0.2807265,0.07923184336034998,1.0,MER30,LTR,LTR
AluSz6,-1.7825627,-0.028842252,0.07465751144938873,1.0,AluSz6,Alu,SINE
AluSc5,-1.8259791,-0.068651095,0.06785340853267849,1.0,AluSc5,Alu,SINE
AluYa5,-1.8366553,-0.45638964,0.06626080255820592,1.0,AluYa5,Alu,SINE
AluYm1,-1.862634,-0.072370455,0.06251378812159954,1.0,AluYm1,Alu,SINE
AluSg,-1.9241998,-0.09865872,0.05432954725296498,1.0,AluSg,Alu,SINE
MER102b,-1.9327407,-0.5291323,0.05326814832658742,1.0,MER102b,LTR,LTR
AluSq10,-1.9352318,-0.39845008,0.05296185625266621,1.0,AluSq10,Alu,SINE
Charlie5,-1.9391464,-0.59735924,0.052483514272322264,1.0,Charlie5,Unknown,Unknown
FLAM_A,-1.9740219,-0.24180728,0.04837925823511172,1.0,FLAM_A,Unknown,Unknown
AluSq,-2.0327408,-0.17592256,0.04207872416732338,1.0,AluSq,Alu,SINE
AluJr,-2.0366554,-0.019293575,0.0416845948984812,1.0,AluJr,Alu,SINE
Tigger2a,-2.1113884,-0.42829934,0.034738938288371046,1.0,Tigger2a,Unknown,Unknown
AluSc,-2.8249118,-0.15034223,0.004729364021058991,0.36618789991628187,AluSc,Alu,SINE
AluSx3,-3.0807836,-0.217014,0.002064565692908485,0.23389834559191827,AluSx3,Alu,SINE
AluSx1,-3.1434171,-0.07745207,0.0016698767022897236,0.23389834559191827,AluSx1,Alu,SINE
AluSg4,-3.777581,-0.60836893,0.00015835899111244414,0.08583057318294472,AluSg4,Alu,SINE
AluY,-3.8071184,-0.13176145,0.00014059544264998723,0.08583057318294472,AluY,Alu,SINE
