TE_subfamily,names,scores,logfoldchanges,pvals,pvals_adj,bulk_TE,bulk_baseMean,bulk_log2FoldChange,bulk_pvalue,bulk_padj,is_TE,bulk_lfcSE,bulk_stat,bulk_TE_family,bulk_TE_class,bulk_significance
MIR4500HG,MIR4500HG,7.381968,1.267999,1.559667657582425e-13,2.6187604161251278e-12,,,,,,True,,,,,
MIR137HG,MIR137HG,16.79285,1.2313147,2.753010469099042e-63,1.6128992134263488e-61,,,,,,True,,,,,
MIR31HG,MIR31HG,4.4173255,1.0891082,9.992960379142896e-06,9.399439680545118e-05,,,,,,True,,,,,
MLT1E3-int,MLT1E3-int:TE,3.2455108,0.93959296,0.0011724006873838,0.0082232211573679,MLT1E3-int:ERVL-MaLR:LTR,59.9127378636097,-0.265454545848056,0.103147656681827,0.995278921297154,True,0.162877369727826,-1.62978163443847,ERVL-MaLR,LTR,Not Significant
MIR222HG,MIR222HG,5.9214144,0.9282874,3.191844447711667e-09,4.1296119188968646e-08,,,,,,True,,,,,
MIR124-2HG,MIR124-2HG,14.872875,0.9161506,4.944361191984393e-50,2.2515572064407718e-48,,,,,,True,,,,,
MLT1-int,MLT1-int:TE,7.6893497,0.83835596,1.4788504297315854e-14,2.585622435461479e-13,MLT1-int:ERVL-MaLR:LTR,85.9257838435681,0.0382073978532734,0.777987828012582,0.995278921297154,True,0.135515000556262,0.28194220341984,ERVL-MaLR,LTR,Not Significant
L1M,L1M:TE,3.9466665,0.80318975,7.924686253694639e-05,0.0006630747365111,L1M:L1:LINE,234.496119791136,-0.0273312598074793,0.739176608563109,0.995278921297154,True,0.08208967758665,-0.33294392926114,L1,LINE,Not Significant
MIR124-1HG,MIR124-1HG,14.0979395,0.7927004,3.910226597572846e-45,1.6459644312332198e-43,,,,,,True,,,,,
MIR4435-2HG,MIR4435-2HG,5.458311,0.7227189,4.806850892942484e-08,5.632354915687578e-07,,,,,,True,,,,,
L1M3b,L1M3b:TE,8.492845,0.711303,2.016401119556454e-17,4.024099312634078e-16,L1M3b:L1:LINE,221.093648241072,-0.124440759747817,0.393289275928498,0.995278921297154,True,0.145771939862136,-0.85366744701008,L1,LINE,Not Significant
MIR34AHG,MIR34AHG,2.9655132,0.69568664,0.0030217834702667,0.0196282044951083,,,,,,True,,,,,
HERVK11-int,HERVK11-int:TE,6.2900767,0.6816775,3.1730870372545383e-10,4.4253889050897985e-09,HERVK11-int:ERVK:LTR,613.681326045283,0.0821776386062363,0.470915651187907,0.995278921297154,True,0.113978884050645,0.720990026272952,ERVK,LTR,Not Significant
L1P4d,L1P4d:TE,7.3195624,0.63077956,2.4878059382017133e-13,4.128713830626863e-12,L1P4d:L1:LINE,90.2555709352381,0.0680731980205887,0.693245539341111,0.995278921297154,True,0.172575554564595,0.394454464842,L1,LINE,Not Significant
MIR4300HG,MIR4300HG,5.497864,0.62820226,3.844201861436797e-08,4.546929828629789e-07,,,,,,True,,,,,
MER67D,MER67D:TE,2.822878,0.61625236,0.0047594681392274,0.0296345172828842,MER67D:ERV1:LTR,1458.88509684041,0.0361831464159377,0.70291763434518,0.995278921297154,True,0.0948730341284286,0.381384939865599,ERV1,LTR,Not Significant
L1M2b,L1M2b:TE,3.0935295,0.6091469,0.0019779088783409,0.0132988929168987,L1M2b:L1:LINE,89.2816109084728,0.128720661525117,0.432117124097312,0.995278921297154,True,0.163855560174441,0.785573961531,L1,LINE,Not Significant
L1M3d,L1M3d:TE,12.44662,0.5863356,1.4589407944421625e-35,4.977124356068013e-34,L1M3d:L1:LINE,257.420382407061,0.0523133219699195,0.6253923305131,0.995278921297154,True,0.107150600990756,0.488222385000271,L1,LINE,Not Significant
L1CAM,L1CAM,3.445482,0.5848713,0.0005700417839363,0.0042094854585272,,,,,,True,,,,,
HERVS71-int,HERVS71-int:TE,8.8685055,0.5618154,7.413430391488594e-19,1.559206790876065e-17,HERVS71-int:ERV1:LTR,659.741797890631,0.180349249174026,0.325512208530085,0.995278921297154,True,0.183432098977892,0.983193509636293,ERV1,LTR,Not Significant
L1PBb,L1PBb:TE,4.511305,0.55475587,6.443003256450646e-06,6.178827787894835e-05,L1PBb:L1:LINE,292.714997662305,-0.129632503153336,0.422069613186299,0.995278921297154,True,0.161468252529727,-0.802835858581364,L1,LINE,Not Significant
MLT1A-int,MLT1A-int:TE,6.578456,0.5534395,4.7535864816047526e-11,6.98284661312956e-10,MLT1A-int:ERVL-MaLR:LTR,307.540660694377,0.0897135027997141,0.451028524237469,0.995278921297154,True,0.119030559670022,0.753701428006547,ERVL-MaLR,LTR,Not Significant
MLT1I-int,MLT1I-int:TE,3.5028536,0.54021496,0.0004603021626604,0.0034508310049291,MLT1I-int:ERVL-MaLR:LTR,366.252176228388,-0.0160599350023355,0.869353477250319,0.995278921297154,True,0.097640796619324,-0.164479762132104,ERVL-MaLR,LTR,Not Significant
MERTK,MERTK,4.775897,0.5052568,1.7890788556985013e-06,1.8122940683524924e-05,,,,,,True,,,,,
MER66-int,MER66-int:TE,3.5810833,0.5010927,0.0003421724875858,0.0026214616656623,MER66-int:ERV1:LTR,641.419234789806,-0.0435436223172251,0.526250938253467,0.995278921297154,True,0.0687090396566488,-0.633739352708469,ERV1,LTR,Not Significant
MLT1H-int,MLT1H-int:TE,3.6011882,0.49661407,0.0003167660632374,0.0024355088336152,MLT1H-int:ERVL-MaLR:LTR,600.905104859025,0.0105139883257449,0.87952991258527,0.995278921297154,True,0.069369426235851,0.151565162006647,ERVL-MaLR,LTR,Not Significant
L1MEg1,L1MEg1:TE,9.148304,0.48448458,5.783457785787961e-20,1.2734199542260597e-18,L1MEg1:L1:LINE,483.846972932353,-0.087159531106969,0.315582382301579,0.995278921297154,True,0.0868488434385972,-1.00357733800556,L1,LINE,Not Significant
MIR29B2CHG,MIR29B2CHG,14.162752,0.48355064,1.557715657637906e-45,6.631323525539272e-44,,,,,,True,,,,,
Charlie9,Charlie9:TE,6.2701483,0.4723406,3.6070395318662576e-10,5.007370583382927e-09,Charlie9:hAT-Charlie:DNA,771.518700251707,-0.104972059747586,0.0307339730609516,0.995278921297154,True,0.0485869257677102,-2.16050013638336,hAT-Charlie,DNA,Not Significant
L1MEg2,L1MEg2:TE,6.1568904,0.4540607,7.41870446725541e-10,1.0052712478059574e-08,L1MEg2:L1:LINE,332.142243074904,-0.0978781459582184,0.286064929524936,0.995278921297154,True,0.0917498208104711,-1.06679386503007,L1,LINE,Not Significant
L1M3c,L1M3c:TE,11.741749,0.424911,7.785941138074468e-32,2.447869816259617e-30,L1M3c:L1:LINE,308.118794230289,0.0210952414198595,0.763677468880825,0.995278921297154,True,0.0701642433344816,0.300655154496513,L1,LINE,Not Significant
L1MCb,L1MCb:TE,15.0855255,0.41605556,2.01663487173974e-51,9.514907546332477e-50,L1MCb:L1:LINE,677.533912347737,-0.0985700777774517,0.310985140405344,0.995278921297154,True,0.0972900257081074,-1.01315707401686,L1,LINE,Not Significant
L1PB,L1PB:TE,14.707996,0.39908648,5.7278651826831465e-49,2.573258416525291e-47,L1PB:L1:LINE,1026.96242695485,-0.115502745240497,0.139684923445176,0.995278921297154,True,0.0782027449636963,-1.47696535836583,L1,LINE,Not Significant
Charlie29a,Charlie29a:TE,7.756951,0.3926905,8.699568348744678e-15,1.545304531451072e-13,Charlie29a:hAT-Charlie:DNA,1684.8508970837,-0.0079274038617624,0.856634005826231,0.995278921297154,True,0.0438800986137959,-0.180660575344972,hAT-Charlie,DNA,Not Significant
MLT1H2-int,MLT1H2-int:TE,3.0929794,0.37577432,0.0019815790092659,0.0133205898285592,MLT1H2-int:ERVL-MaLR:LTR,256.889179218672,0.212108942731533,0.203504798098931,0.995278921297154,True,0.166800901085513,1.27162947772562,ERVL-MaLR,LTR,Not Significant
L1MC2,L1MC2:TE,21.237877,0.37575963,4.267508990403324e-100,4.261128993573817e-98,L1MC2:L1:LINE,5068.30867291232,-0.0607516673278036,0.388799066257318,0.995278921297154,True,0.0704941483618359,-0.86179730856488,L1,LINE,Not Significant
L1M8,L1M8:TE,15.371472,0.37475675,2.5432342431798713e-53,1.2449007358106032e-51,L1M8:L1:LINE,805.262553259599,0.0069040563644355,0.941389724602243,0.995278921297154,True,0.0939030055931861,0.0735232735184837,L1,LINE,Not Significant
Charlie24,Charlie24:TE,7.072093,0.37248135,1.526138127510312e-12,2.4423898520938455e-11,Charlie24:hAT-Charlie:DNA,1099.44082443114,-0.0811377488448529,0.220315373525647,0.995278921297154,True,0.0661976128888351,-1.22568995019664,hAT-Charlie,DNA,Not Significant
Tigger4,Tigger4:TE,13.453203,0.3722638,2.94817742935254e-41,1.1522428171546238e-39,Tigger4:TcMar-Tigger:DNA,1491.73301319644,-0.0452163272239866,0.516190533649923,0.995278921297154,True,0.0696462186478233,-0.649228746396553,TcMar-Tigger,DNA,Not Significant
Charlie5,Charlie5:TE,10.548143,0.3665641,5.181060817284407e-26,1.3829199188586398e-24,Charlie5:hAT-Charlie:DNA,2686.12899518401,-0.116689902450734,0.17281915145825,0.995278921297154,True,0.0855999202005645,-1.36320106581085,hAT-Charlie,DNA,Not Significant
LTR106_Mam,LTR106_Mam:TE,3.2349443,0.36594337,0.0012166646245984,0.008497991004487,LTR106_Mam:LTR:LTR,156.596585107508,-0.0605006511780463,0.491748989237014,0.995278921297154,True,0.0879971452267978,-0.687529703629772,LTR,LTR,Not Significant
L1ME3E,L1ME3E:TE,17.108541,0.35982448,1.2816905271274053e-65,7.719681120804443e-64,L1ME3E:L1:LINE,2916.0195521501,-0.0870516313279466,0.214832995777681,0.995278921297154,True,0.0701811336872671,-1.24038508291781,L1,LINE,Not Significant
LTR101_Mam,LTR101_Mam:TE,4.8049364,0.35503572,1.548005383037878e-06,1.577128874142489e-05,LTR101_Mam:ERVL:LTR,739.768882664185,0.0198767665385719,0.817066126096823,0.995278921297154,True,0.0859275342881014,0.231320108312758,ERVL,LTR,Not Significant
MIR99AHG,MIR99AHG,16.19419,0.3508282,5.542302738049397e-59,3.0121864157698854e-57,,,,,,True,,,,,
MER119,MER119:TE,6.2076144,0.3493413,5.379494364547113e-10,7.36250924983896e-09,MER119:hAT-Charlie:DNA,1217.61281333596,-0.0528226476159489,0.490301470460148,0.995278921297154,True,0.0765734929956859,-0.689829411581432,hAT-Charlie,DNA,Not Significant
MIR9-3HG,MIR9-3HG,3.6776576,0.34830588,0.0002353856357643,0.0018423216882544,,,,,,True,,,,,
MLT2B4,MLT2B4:TE,6.721161,0.34129453,1.8028236464776395e-11,2.713263129438431e-10,MLT2B4:ERVL:LTR,4006.41506002172,0.0441131546586587,0.368394952882341,0.995278921297154,True,0.0490427380592857,0.899483927780135,ERVL,LTR,Not Significant
HAL1M8,HAL1M8:TE,13.651759,0.33078966,1.9706271002225164e-42,7.844661920157313e-41,HAL1M8:L1:LINE,1474.55361919519,-0.0046117586893,0.937661669518527,0.995278921297154,True,0.0589669832814014,-0.0782091677861801,L1,LINE,Not Significant
MER102a,MER102a:TE,4.664577,0.3297408,3.092526521005105e-06,3.072591226076312e-05,MER102a:hAT-Charlie:DNA,2236.76310947256,0.016039948590217,0.797355136583503,0.995278921297154,True,0.062467780501217,0.256771546251824,hAT-Charlie,DNA,Not Significant
L1MB1,L1MB1:TE,20.137949,0.3283031,3.4326508799314213e-90,2.981743416079158e-88,L1MB1:L1:LINE,4844.17122940756,-0.0273073885095269,0.692839291298528,0.995278921297154,True,0.0691317761902365,-0.395004873509724,L1,LINE,Not Significant
L1MA6,L1MA6:TE,20.226772,0.32742566,5.690758279415242e-91,5.001045031807751e-89,L1MA6:L1:LINE,4510.83240258228,-0.066998490567022,0.372054539255617,0.995278921297154,True,0.0750572770888315,-0.892631509769908,L1,LINE,Not Significant
MIR646HG,MIR646HG,5.251359,0.32165956,1.5098102690585746e-07,1.691921984957325e-06,,,,,,True,,,,,
L1M3a,L1M3a:TE,4.3152943,0.32022586,1.593906010873283e-05,0.0001467223435123,L1M3a:L1:LINE,639.693350201007,-0.0685552894948428,0.45015322843507,0.995278921297154,True,0.0907825178647336,-0.755159595782423,L1,LINE,Not Significant
L1PBa1,L1PBa1:TE,9.8321295,0.31971103,8.186885396638339e-23,2.000462118666384e-21,L1PBa1:L1:LINE,406.026708877299,-0.011947097586531,0.892212969242664,0.995278921297154,True,0.0881675030847201,-0.135504547237218,L1,LINE,Not Significant
L1M4b,L1M4b:TE,18.011055,0.31880325,1.5956053712266904e-72,1.0800882755004094e-70,L1M4b:L1:LINE,3039.00342043502,-0.058015359610902,0.642981600542117,0.995278921297154,True,0.125158782287181,-0.463534068890058,L1,LINE,Not Significant
Tigger11a,Tigger11a:TE,3.7654417,0.31843138,0.0001662549591546,0.0013339009069388,Tigger11a:TcMar-Tigger:DNA,415.36383448495,-0.177934678234702,0.022805746609081,0.995278921297154,True,0.078155563274226,-2.2766732242768,TcMar-Tigger,DNA,Not Significant
L1MEh,L1MEh:TE,11.9985695,0.31789908,3.61490630758556e-33,1.1770965230171615e-31,L1MEh:L1:LINE,1010.99325467291,-0.0337889516100756,0.620284864722592,0.995278921297154,True,0.0681989693443125,-0.495446660483784,L1,LINE,Not Significant
L1MB4,L1MB4:TE,22.474665,0.31668878,7.345677629388936e-112,8.938232435274675e-110,L1MB4:L1:LINE,7762.90463163318,-0.080872732863347,0.158978216430856,0.995278921297154,True,0.0574169624791315,-1.4085163925685,L1,LINE,Not Significant
MER6,MER6:TE,5.2029676,0.31573194,1.961310870803323e-07,2.180806445504768e-06,MER6:TcMar-Tigger:DNA,986.705397611088,-0.0249095756885087,0.623788410663811,0.995278921297154,True,0.0507852602192,-0.49048829485157,TcMar-Tigger,DNA,Not Significant
L1MA7,L1MA7:TE,23.459187,0.31518897,1.0652471590180833e-121,1.5771430228713544e-119,L1MA7:L1:LINE,4576.0286610415,-0.034064870563046,0.646988253090492,0.995278921297154,True,0.0743855423391722,-0.457950153911926,L1,LINE,Not Significant
MER77,MER77:TE,3.1476684,0.3120144,0.0016457828610393,0.0112316085123836,MER77:ERVL:LTR,2199.74629405756,0.0666848196442223,0.137936876454609,0.995278921297154,True,0.0449504665313924,1.48351785398381,ERVL,LTR,Not Significant
L1ME2,L1ME2:TE,28.68738,0.31190604,5.482622431392787e-181,1.8107716173132992e-178,L1ME2:L1:LINE,10321.9404697643,-0.0564640899309163,0.299578245794657,0.995278921297154,True,0.0544317053410357,-1.03733824941083,L1,LINE,Not Significant
MLT1A0-int,MLT1A0-int:TE,7.8808165,0.31171215,3.252490329143122e-15,5.906561742742995e-14,MLT1A0-int:ERVL-MaLR:LTR,763.542207801886,-0.080983981783248,0.402148149965557,0.995278921297154,True,0.096663716086821,-0.837790900884776,ERVL-MaLR,LTR,Not Significant
Charlie1,Charlie1:TE,9.472979,0.30727625,2.71976352297466e-21,6.312161597143118e-20,Charlie1:hAT-Charlie:DNA,2273.72395769837,-0.143840876977596,0.0259759362842383,0.995278921297154,True,0.0646019619946833,-2.22657133833542,hAT-Charlie,DNA,Not Significant
LTR6B,LTR6B:TE,3.549615,0.30708274,0.000385794962164,0.0029280473706669,LTR6B:ERV1:LTR,361.199624324497,0.0590603773660531,0.597473363523968,0.995278921297154,True,0.111848848267412,0.528037420866862,ERV1,LTR,Not Significant
HAL1ME,HAL1ME:TE,15.721092,0.3063811,1.084374961918675e-55,5.580631760353732e-54,HAL1ME:L1:LINE,4482.18541100345,-0.0035726314921582,0.952679150298177,0.995278921297154,True,0.0602033849737905,-0.0593427013068045,L1,LINE,Not Significant
MER47B,MER47B:TE,3.5423834,0.30515587,0.0003965285879736,0.003004201338933,MER47B:TcMar-Tigger:DNA,600.523904774106,0.018168676946912,0.851351236754769,0.995278921297154,True,0.0969540986983232,0.187394624784709,TcMar-Tigger,DNA,Not Significant
MIR2052HG,MIR2052HG,4.0210266,0.3051142,5.7945112083785736e-05,0.0004943344716656,,,,,,True,,,,,
LTR25-int,LTR25-int:TE,4.681016,0.30492675,2.8545657995768454e-06,2.8455713136411968e-05,LTR25-int:ERV1:LTR,728.716429849927,-0.0527834803946463,0.622097424359571,0.995278921297154,True,0.10709196389094,-0.492879936802727,ERV1,LTR,Not Significant
L1M4a2,L1M4a2:TE,12.628556,0.3015098,1.4694920392561481e-36,5.117680560816168e-35,L1M4a2:L1:LINE,1273.36287505745,-0.0117043476666954,0.902448901277818,0.995278921297154,True,0.0954923974603522,-0.122568371702627,L1,LINE,Not Significant
LTR85b,LTR85b:TE,2.9727855,0.29977992,0.0029511070089268,0.0192189644969221,LTR85b:Gypsy:LTR,415.335932305692,0.0886739615164908,0.411375317485317,0.995278921297154,True,0.107944706660413,0.82147577458757,Gypsy,LTR,Not Significant
L1M6B,L1M6B:TE,2.909359,0.29908693,0.003621708377962,0.0231203154842074,L1M6B:L1:LINE,512.391926050951,-0.0194089516345396,0.828649876262727,0.995278921297154,True,0.0896762931239247,-0.216433473757866,L1,LINE,Not Significant
MER106B,MER106B:TE,2.913315,0.29593956,0.0035761346457415,0.0228585127132627,MER106B:hAT-Charlie:DNA,614.211025899178,0.0432739277040979,0.488523390321489,0.995278921297154,True,0.0624750553233471,0.692659293859421,hAT-Charlie,DNA,Not Significant
HERV16-int,HERV16-int:TE,2.9411619,0.29593953,0.0032698350583224,0.0210845081909207,HERV16-int:ERVL:LTR,602.147535429634,0.141179474439347,0.174875025981859,0.995278921297154,True,0.10406056955038,1.35670480230263,ERVL,LTR,Not Significant
L1MEd,L1MEd:TE,37.74169,0.2946882,0.0,0.0,L1MEd:L1:LINE,11271.8286009307,-0.110988921154182,0.121918751991054,0.995278921297154,True,0.071755291123531,-1.54676985371167,L1,LINE,Not Significant
L1MEa,L1MEa:TE,4.4555945,0.29454964,8.366110895142232e-06,7.949524595431545e-05,L1MEa:L1:LINE,128.048904938783,0.0007383257205795,0.99449121300379,0.99863022158782,True,0.10693715575004,0.0069042954752357,L1,LINE,Not Significant
L1MEf,L1MEf:TE,29.749475,0.2930893,1.761452456797437e-194,7.154115349871212e-192,L1MEf:L1:LINE,8208.92459768814,-0.0584981388162085,0.374200669380819,0.995278921297154,True,0.0658294008367215,-0.888632405470362,L1,LINE,Not Significant
L1M2,L1M2:TE,23.23435,0.28918436,2.0479600648573912e-119,2.889738955365676e-117,L1M2:L1:LINE,5858.35279964101,-0.0325547566487598,0.611016804983441,0.995278921297154,True,0.0640057254869056,-0.50862257088891,L1,LINE,Not Significant
MLT1N2,MLT1N2:TE,5.501329,0.2886466,3.769397063550766e-08,4.467240881112708e-07,MLT1N2:ERVL-MaLR:LTR,3276.35789735638,0.0121357910768456,0.778766308166871,0.995278921297154,True,0.0431990744904169,0.280927108277233,ERVL-MaLR,LTR,Not Significant
L1MC1,L1MC1:TE,30.670366,0.2885456,1.4144060842143338e-206,6.856447558235777e-204,L1MC1:L1:LINE,12104.9331848716,-0.0580373059345516,0.320385534838474,0.995278921297154,True,0.0584072616246479,-0.993665929889441,L1,LINE,Not Significant
MER51-int,MER51-int:TE,3.1452584,0.28677487,0.0016594023264213,0.0113117117080046,MER51-int:ERV1:LTR,436.268773570693,-0.112322866738361,0.20536312153283,0.995278921297154,True,0.0886932911439048,-1.26641897363035,ERV1,LTR,Not Significant
MER101-int,MER101-int:TE,4.202019,0.28636166,2.6454469796724568e-05,0.0002358614920618,MER101-int:ERV1:LTR,3178.63232011615,-0.124418731649756,0.169334417655198,0.995278921297154,True,0.0905294360601275,-1.37434559480874,ERV1,LTR,Not Significant
L1MEi,L1MEi:TE,16.184559,0.28589356,6.481278143398221e-59,3.509816479276279e-57,L1MEi:L1:LINE,1926.5293421037,-0.0201417739898912,0.796319421397354,0.995278921297154,True,0.0780346047318379,-0.258113359567943,L1,LINE,Not Significant
MER74A,MER74A:TE,4.1971583,0.28435937,2.70284879164433e-05,0.0002400535473784,MER74A:ERVL:LTR,1992.28005147959,0.0751589940062636,0.367083144329511,0.995278921297154,True,0.0833293967074859,0.901950535776671,ERVL,LTR,Not Significant
THE1C-int,THE1C-int:TE,8.798204,0.2831632,1.3902228890565354e-18,2.9016075646245946e-17,THE1C-int:ERVL-MaLR:LTR,1561.90799675551,0.07747489139798,0.435503984196376,0.995278921297154,True,0.0993512584549881,0.779807851483639,ERVL-MaLR,LTR,Not Significant
L1ME3C,L1ME3C:TE,11.390006,0.2823963,4.6895484935581055e-30,1.3899840234111327e-28,L1ME3C:L1:LINE,2026.73149011171,-0.0169267990045674,0.784203131907801,0.995278921297154,True,0.0618114265400899,-0.273845791175664,L1,LINE,Not Significant
L1ME3,L1ME3:TE,18.36399,0.28109214,2.551526832389481e-75,1.7917322183987348e-73,L1ME3:L1:LINE,7482.6928353059,-0.0649489995346357,0.185777819044553,0.995278921297154,True,0.0490857919263806,-1.32317310133341,L1,LINE,Not Significant
MLT1O,MLT1O:TE,6.0117803,0.28024787,1.8349714518325043e-09,2.4146264003864242e-08,MLT1O:ERVL-MaLR:LTR,3087.61853543939,0.0141411874917582,0.776535690065898,0.995278921297154,True,0.0498215981932252,0.283836488683359,ERVL-MaLR,LTR,Not Significant
LTR33A_,LTR33A_:TE,3.5135388,0.2799043,0.0004421798844542,0.0033224291068178,LTR33A_:ERVL:LTR,1492.97251796838,0.0090277645917787,0.91233407288024,0.995278921297154,True,0.08199980622255,0.110094950313383,ERVL,LTR,Not Significant
MER6A,MER6A:TE,4.559717,0.2792618,5.122251110196964e-06,4.959705448355984e-05,MER6A:TcMar-Tigger:DNA,1426.81284757204,0.0301242143780378,0.592113184725249,0.995278921297154,True,0.0562253613927682,0.535776269495217,TcMar-Tigger,DNA,Not Significant
MLT2B2,MLT2B2:TE,3.1348133,0.274477,0.0017196353812759,0.011682559083239,MLT2B2:ERVL:LTR,1783.48510212416,0.0254595152754342,0.566927473518716,0.995278921297154,True,0.044464368622123,0.572582408440339,ERVL,LTR,Not Significant
L1MC3,L1MC3:TE,25.647463,0.27300346,4.51266849880024e-145,9.226411682410968e-143,L1MC3:L1:LINE,9155.61280272576,-0.0412381775163043,0.469548663830513,0.995278921297154,True,0.0570207438603402,-0.723213601304609,L1,LINE,Not Significant
L1MD2,L1MD2:TE,26.113617,0.2695783,2.553698426738188e-150,5.727716881762408e-148,L1MD2:L1:LINE,8621.2366811045,-0.0335945299666477,0.557375917354927,0.995278921297154,True,0.0572558945284792,-0.586743605061269,L1,LINE,Not Significant
L1M2c,L1M2c:TE,8.187498,0.2691204,2.667125571407965e-16,5.047887849412241e-15,L1M2c:L1:LINE,279.146615965174,0.0390801621533738,0.651795216993491,0.995278921297154,True,0.0866004665960357,0.451269648876959,L1,LINE,Not Significant
Tigger18a,Tigger18a:TE,6.9455066,0.26729643,3.771046996554742e-12,5.869436430940071e-11,Tigger18a:TcMar-Tigger:DNA,1025.89624299407,-0.0125304381062797,0.839570641602003,0.995278921297154,True,0.0618962178992318,-0.202442710258637,TcMar-Tigger,DNA,Not Significant
HERV3-int,HERV3-int:TE,2.6791894,0.26706186,0.0073800630252126,0.0442553460141194,HERV3-int:ERV1:LTR,347.376655562297,0.0315954828792136,0.714535690631127,0.995278921297154,True,0.0863804171443433,0.365771362581139,ERV1,LTR,Not Significant
HERVK9-int,HERVK9-int:TE,7.4019895,0.26627904,1.341593015792204e-13,2.2576471494756266e-12,HERVK9-int:ERVK:LTR,1170.74485759679,-0.067287773407737,0.405424195623288,0.995278921297154,True,0.0808773541378886,-0.831972980879387,ERVK,LTR,Not Significant
L1P4,L1P4:TE,11.033891,0.2631338,2.622678097045357e-28,7.429273346531406e-27,L1P4:L1:LINE,1670.60639137532,-0.0185275520675549,0.769642055206041,0.995278921297154,True,0.063267837966452,-0.292843135834343,L1,LINE,Not Significant
HAL1b,HAL1b:TE,10.19412,0.2630307,2.106430475510387e-24,5.383398634478291e-23,HAL1b:L1:LINE,3654.92713505111,-0.0568599431870225,0.215079050290942,0.995278921297154,True,0.0458651568671377,-1.23971980193449,L1,LINE,Not Significant
HERVK22-int,HERVK22-int:TE,4.484242,0.26171884,7.317360657217646e-06,6.988346824044371e-05,HERVK22-int:ERVK:LTR,627.380185015621,-0.0423495086924448,0.536145906018511,0.995278921297154,True,0.0684545375739966,-0.618651592623304,ERVK,LTR,Not Significant
L1ME3D,L1ME3D:TE,11.607731,0.25955927,3.7647299353466518e-31,1.1557605536960536e-29,L1ME3D:L1:LINE,2671.26452105224,-0.0364003133324988,0.614567368623284,0.995278921297154,True,0.0722852892663873,-0.503564607708154,L1,LINE,Not Significant
MER11B,MER11B:TE,3.2344697,0.2567155,0.0012186884737296,0.0085081723758292,MER11B:ERVK:LTR,39530.6212076626,-0.600651979168747,0.20424429530863,0.995278921297154,True,0.473121251091578,-1.26955189136597,ERVK,LTR,Not Significant
Tigger9b,Tigger9b:TE,3.0507317,0.25317183,0.0022828447764518,0.015159279663336,Tigger9b:TcMar-Tigger:DNA,1450.53553504215,-0.0247060130957972,0.649973531009864,0.995278921297154,True,0.0544426391012789,-0.453798961689511,TcMar-Tigger,DNA,Not Significant
L1MB7,L1MB7:TE,33.775646,0.24064015,4.4941370949364525e-250,3.650575415900408e-247,L1MB7:L1:LINE,21892.446292166,-0.0538464122136107,0.305721518224389,0.995278921297154,True,0.0525720206061353,-1.02424087171812,L1,LINE,Not Significant
L1ME3F,L1ME3F:TE,13.115579,0.24019344,2.6812667023279337e-39,9.899934980155537e-38,L1ME3F:L1:LINE,3173.11813216031,-0.039830163875744,0.54814475914771,0.995278921297154,True,0.0663236410720461,-0.600542479754349,L1,LINE,Not Significant
Charlie10,Charlie10:TE,3.73198,0.23974714,0.0001899804687227,0.0015089489924585,Charlie10:hAT-Charlie:DNA,580.906891481678,-0.0649496682189654,0.286044725951921,0.995278921297154,True,0.0608805009231854,-1.06683859748319,hAT-Charlie,DNA,Not Significant
HERVP71A-int,HERVP71A-int:TE,4.3337784,0.23933667,1.4657159898986311e-05,0.0001354615439003,HERVP71A-int:ERV1:LTR,322.984912979787,0.0913159691449061,0.274793993655935,0.995278921297154,True,0.0836158692211747,1.09208897779157,ERV1,LTR,Not Significant
L1MCa,L1MCa:TE,20.225212,0.23435184,5.87374560791053e-91,5.14680537159624e-89,L1MCa:L1:LINE,4259.27386061399,-0.0821392167447225,0.155451543916061,0.995278921297154,True,0.0578226715680181,-1.42053652170153,L1,LINE,Not Significant
L1MCc,L1MCc:TE,9.186679,0.23281139,4.051565817338792e-20,8.966849089846642e-19,L1MCc:L1:LINE,1528.89684693779,-0.0616375996191224,0.387851399291459,0.995278921297154,True,0.0713794352349098,-0.8635204161573,L1,LINE,Not Significant
L1ME1,L1ME1:TE,37.56496,0.232136,8.02914351044815e-309,1.3406439344806619e-305,L1ME1:L1:LINE,25484.134734044,-0.0717690467779667,0.240560761366683,0.995278921297154,True,0.0611536154279855,-1.17358632479353,L1,LINE,Not Significant
L1ME5,L1ME5:TE,8.6632805,0.22927481,4.5838063988195464e-18,9.333760251796848e-17,L1ME5:L1:LINE,1461.17138810638,0.0025165528025163,0.970716240840898,0.995278921297154,True,0.0685522552415962,0.0367099928900573,L1,LINE,Not Significant
L1M4c,L1M4c:TE,13.388585,0.22849824,7.051116922098821e-41,2.71346119198054e-39,L1M4c:L1:LINE,2845.35172835847,-0.0915651407119633,0.224201310606077,0.995278921297154,True,0.0753354602302935,-1.21543215415499,L1,LINE,Not Significant
L1M4a1,L1M4a1:TE,9.920493,0.22759244,3.390760833940495e-23,8.394507155196175e-22,L1M4a1:L1:LINE,1444.15401817276,-0.0689747712978874,0.392546513612179,0.995278921297154,True,0.0806714573191688,-0.855008370866482,L1,LINE,Not Significant
L1ME4c,L1ME4c:TE,11.215979,0.22752795,3.4039928591940147e-29,9.923084906214947e-28,L1ME4c:L1:LINE,7229.28819114153,-0.032950055730373,0.534441923143571,0.995278921297154,True,0.0530391985914098,-0.621239698288156,L1,LINE,Not Significant
Charlie7,Charlie7:TE,8.630232,0.22631788,6.122770327493786e-18,1.240862186060861e-16,Charlie7:hAT-Charlie:DNA,2858.1665061763,-0.0662643846190682,0.246096395674021,0.995278921297154,True,0.057130225801188,-1.1598831212337,hAT-Charlie,DNA,Not Significant
L1MC,L1MC:TE,11.30182,0.22459503,1.285272664296259e-29,3.7723505786546924e-28,L1MC:L1:LINE,4244.27844452382,-0.0212298323978047,0.700706943742219,0.995278921297154,True,0.0552333284971602,-0.384366341400125,L1,LINE,Not Significant
LTR49-int,LTR49-int:TE,5.890591,0.22428074,3.848161149399268e-09,4.953168451614347e-08,LTR49-int:ERV1:LTR,2626.88660492427,-0.0438494883467173,0.418419266715716,0.995278921297154,True,0.0541909205856367,-0.809166699381365,ERV1,LTR,Not Significant
L1MA10,L1MA10:TE,9.260556,0.22315831,2.033705137533817e-20,4.571653545892212e-19,L1MA10:L1:LINE,2658.94794454626,0.0074817819320062,0.924919662087372,0.995278921297154,True,0.079391946139956,0.0942385505806474,L1,LINE,Not Significant
MIR3936HG,MIR3936HG,3.7057993,0.22295529,0.0002107250791968,0.001661858371887,,,,,,True,,,,,
L1MD1,L1MD1:TE,19.085693,0.22293535,3.320453565154577e-81,2.507443012580925e-79,L1MD1:L1:LINE,6544.62802799041,-0.0518880056638101,0.39367891061965,0.995278921297154,True,0.060832539734517,-0.852964645077415,L1,LINE,Not Significant
L1MB3,L1MB3:TE,24.709068,0.22177282,8.544996198866284e-135,1.5378434775863843e-132,L1MB3:L1:LINE,12697.4232486178,-0.0470912775690651,0.383174785747688,0.995278921297154,True,0.0539999454146565,-0.872061577237887,L1,LINE,Not Significant
L1MDa,L1MDa:TE,21.065725,0.22037217,1.6409569653660652e-98,1.6064808336832934e-96,L1MDa:L1:LINE,4427.20536127276,-0.0631065792395978,0.290065896738886,0.995278921297154,True,0.0596483431188573,-1.05797706926829,L1,LINE,Not Significant
MLT1E3,MLT1E3:TE,4.40615,0.21979074,1.0522413031122676e-05,9.873591122397504e-05,MLT1E3:ERVL-MaLR:LTR,1015.39443332394,0.0487491960825608,0.402716189220971,0.995278921297154,True,0.0582580734212728,0.836780092778696,ERVL-MaLR,LTR,Not Significant
MER75,MER75:TE,2.8342297,0.21975449,0.0045936289017989,0.0286732121793495,MER75:PiggyBac:DNA,213.968206795085,0.0968553757822648,0.347741502751614,0.995278921297154,True,0.103149666859832,0.938979045990326,PiggyBac,DNA,Not Significant
HAL1,HAL1:TE,30.12728,0.219718,2.128959220161556e-199,9.273314400283417e-197,HAL1:L1:LINE,14824.0111914856,-0.0295473581597007,0.577649360801757,0.995278921297154,True,0.0530643225472736,-0.556821546781791,L1,LINE,Not Significant
L1PA15-16,L1PA15-16:TE,8.045169,0.21874239,8.612654298504208e-16,1.5978600305033574e-14,L1PA15-16:L1:LINE,746.993028465222,0.0565368138123115,0.435718040691763,0.995278921297154,True,0.0725347716425138,0.779444293158488,L1,LINE,Not Significant
THE1B-int,THE1B-int:TE,9.106529,0.21823592,8.505963433303846e-20,1.8578977542728708e-18,THE1B-int:ERVL-MaLR:LTR,5291.14874723135,-0.0011565862658096,0.990018953434878,0.998424504882168,True,0.0924550597051018,-0.0125097130378667,ERVL-MaLR,LTR,Not Significant
Charlie13a,Charlie13a:TE,3.0591426,0.21773128,0.0022197152008805,0.0147858023852981,Charlie13a:hAT-Charlie:DNA,575.661788878009,-0.0480387599234193,0.536995618190667,0.995278921297154,True,0.0778128831433806,-0.617362549526682,hAT-Charlie,DNA,Not Significant
L2HGDH,L2HGDH,3.2313669,0.21663795,0.0012319965240567,0.0085911033713518,,,,,,True,,,,,
L1ME2z,L1ME2z:TE,10.747869,0.21443269,6.064683845542422e-27,1.6585447950662189e-25,L1ME2z:L1:LINE,5934.36430280963,-0.0622681217998016,0.292361690648027,0.995278921297154,True,0.0591365550552433,-1.05295483887475,L1,LINE,Not Significant
MER113,MER113:TE,7.8168936,0.21205318,5.414293643698068e-15,9.680344762721325e-14,MER113:hAT-Charlie:DNA,3191.24029531593,-0.0118450980996857,0.759067416200796,0.995278921297154,True,0.0386204083872988,-0.306705666623174,hAT-Charlie,DNA,Not Significant
MER57A-int,MER57A-int:TE,5.5884366,0.21008503,2.2912299990133764e-08,2.76225100763526e-07,MER57A-int:ERV1:LTR,1408.19051480027,-0.0758566733012472,0.183769897616191,0.995278921297154,True,0.0570678454115849,-1.32923667880141,ERV1,LTR,Not Significant
MER4E1,MER4E1:TE,3.9758222,0.20975253,7.0136543977948e-05,0.0005923216068324,MER4E1:ERV1:LTR,1080.05169717006,-0.0955462547347703,0.258373170562218,0.995278921297154,True,0.0845359089318808,-1.130244601874,ERV1,LTR,Not Significant
L1PA15,L1PA15:TE,18.602102,0.20918198,3.0895047364051537e-77,2.2374714422326967e-75,L1PA15:L1:LINE,5620.09869582514,-0.0096398659260023,0.892236322106391,0.995278921297154,True,0.0711560457223876,-0.135475008878541,L1,LINE,Not Significant
L1MC5a,L1MC5a:TE,18.176003,0.20903532,7.995330066917788e-74,5.498847715359591e-72,L1MC5a:L1:LINE,16082.3120567773,-0.0623344598385366,0.27144955947508,0.995278921297154,True,0.0566815774950314,-1.09973050492465,L1,LINE,Not Significant
L1ME3B,L1ME3B:TE,14.999009,0.20861255,7.452319022790919e-51,3.4779417427015695e-49,L1ME3B:L1:LINE,6307.57903022162,-0.0494337656468724,0.321235113950516,0.995278921297154,True,0.0498362960154226,-0.991922947716146,L1,LINE,Not Significant
L1MEj,L1MEj:TE,8.643122,0.20857269,5.469772998234222e-18,1.1107704558238483e-16,L1MEj:L1:LINE,1007.38798859991,-0.0122475899127044,0.849420978316425,0.995278921297154,True,0.0645094603055896,-0.189857268293457,L1,LINE,Not Significant
Tigger15a,Tigger15a:TE,8.179853,0.2077353,2.8418889533670027e-16,5.361768518107048e-15,Tigger15a:TcMar-Tigger:DNA,3586.41300123446,-0.0178277516540081,0.717336571376056,0.995278921297154,True,0.0492451185439887,-0.362020687148581,TcMar-Tigger,DNA,Not Significant
MER4A,MER4A:TE,2.7529466,0.20667641,0.0059061528898671,0.0360864860957425,MER4A:ERV1:LTR,1116.78595710406,0.0169087943218586,0.809745756711456,0.995278921297154,True,0.0702326519076792,0.240754034805424,ERV1,LTR,Not Significant
MER33,MER33:TE,8.461149,0.20630331,2.647547166675563e-17,5.252279214154062e-16,MER33:hAT-Charlie:DNA,8791.87680111602,-0.0573540805795103,0.421362185784995,0.995278921297154,True,0.0713305766770935,-0.804060239680195,hAT-Charlie,DNA,Not Significant
L1MD,L1MD:TE,13.508119,0.2057796,1.4005584797353172e-41,5.495272207368793e-40,L1MD:L1:LINE,4707.49992284031,-0.0862588437754915,0.151532270908464,0.995278921297154,True,0.0601467321616265,-1.4341401548416,L1,LINE,Not Significant
MLT1J1,MLT1J1:TE,5.6064806,0.20545469,2.0648221561754446e-08,2.50033158355572e-07,MLT1J1:ERVL-MaLR:LTR,3965.54293075374,0.0459480594132071,0.244357026763154,0.995278921297154,True,0.0394686726502936,1.16416530701002,ERVL-MaLR,LTR,Not Significant
L1MB2,L1MB2:TE,14.886532,0.20541824,4.031486367675144e-50,1.841433476906937e-48,L1MB2:L1:LINE,8033.02020633335,-0.0621162314631993,0.325993596520026,0.995278921297154,True,0.0632409273404567,-0.982215695996951,L1,LINE,Not Significant
MLT1E1A,MLT1E1A:TE,6.1780286,0.20417413,6.490688595728364e-10,8.827042793874025e-09,MLT1E1A:ERVL-MaLR:LTR,2605.29954262855,-0.0416500763284508,0.659785744916489,0.995278921297154,True,0.0946143234744623,-0.440208995836584,ERVL-MaLR,LTR,Not Significant
L1P1,L1P1:TE,10.518179,0.20370758,7.123734699310297e-26,1.8947243043165573e-24,L1P1:L1:LINE,2503.17901247998,-0.0669568945309326,0.362450470413376,0.995278921297154,True,0.0735219906775174,-0.910705680217764,L1,LINE,Not Significant
L1MEc,L1MEc:TE,28.352425,0.2026927,7.813181890553867e-177,2.4981402310701754e-174,L1MEc:L1:LINE,11723.3527264204,-0.0674279000367323,0.37464454344229,0.995278921297154,True,0.0759488214359686,-0.887807062201483,L1,LINE,Not Significant
L1PA12,L1PA12:TE,9.232245,0.20243205,2.6501735661971726e-20,5.922004946621267e-19,L1PA12:L1:LINE,1101.7511636363,0.0634343434624886,0.347125015108035,0.995278921297154,True,0.0674703929364799,0.940180436213094,L1,LINE,Not Significant
L1MD3,L1MD3:TE,10.252768,0.20070867,1.150024779597803e-24,2.956714692113941e-23,L1MD3:L1:LINE,3549.87686582864,-0.106193929796136,0.0508401496369712,0.995278921297154,True,0.0543796011931738,-1.95282656485289,L1,LINE,Not Significant
Charlie19a,Charlie19a:TE,3.8841612,0.20046288,0.0001026837098914,0.0008466828260045,Charlie19a:hAT-Charlie:DNA,1935.06868552029,0.154080367524368,0.0724035777941223,0.995278921297154,True,0.0857635315461066,1.79657209476658,hAT-Charlie,DNA,Not Significant
L1MEb,L1MEb:TE,7.2731605,0.20003177,3.51172386877184e-13,5.795983573637433e-12,L1MEb:L1:LINE,947.363641223394,-0.0197353077728729,0.775876893652897,0.995278921297154,True,0.0693205845409279,-0.284696211140874,L1,LINE,Not Significant
L1M4,L1M4:TE,28.260883,0.1997155,1.0461457163562259e-175,3.275198906779831e-173,L1M4:L1:LINE,11859.7981748577,-0.0642698597407696,0.310189108595366,0.995278921297154,True,0.0633309589050812,-1.01482530585232,L1,LINE,Not Significant
L1MC4,L1MC4:TE,25.506254,0.198893,1.6802167802114408e-143,3.3442990284274736e-141,L1MC4:L1:LINE,25195.0676519122,-0.0709217038877098,0.163540574073075,0.995278921297154,True,0.0509033500925788,-1.39326201043199,L1,LINE,Not Significant
L1MA3,L1MA3:TE,24.480963,0.1987905,2.3563156732500702e-132,4.093587720204096e-130,L1MA3:L1:LINE,8985.25846273089,-0.0534324182933668,0.510369971771042,0.995278921297154,True,0.0811719970107917,-0.658261719078601,L1,LINE,Not Significant
L1ME3G,L1ME3G:TE,12.559539,0.19866355,3.523798979625904e-36,1.2187316263826992e-34,L1ME3G:L1:LINE,12950.8854715014,-0.0422839609983705,0.405867635013829,0.995278921297154,True,0.0508717392619513,-0.831187641936908,L1,LINE,Not Significant
MER63A,MER63A:TE,4.369377,0.19695118,1.2460146269924144e-05,0.0001160488677231,MER63A:hAT-Blackjack:DNA,2246.93913764116,-0.163972129994633,0.0521334827426782,0.995278921297154,True,0.0844333711875665,-1.94202988330732,hAT-Blackjack,DNA,Not Significant
L1PA14,L1PA14:TE,9.897964,0.19568905,4.248392829788855e-23,1.0474605947440857e-21,L1PA14:L1:LINE,2627.58758867549,-0.0624387988220225,0.341303030831416,0.995278921297154,True,0.0656149707000657,-0.951593792633668,L1,LINE,Not Significant
L1ME3A,L1ME3A:TE,15.420317,0.19561338,1.1951641250275031e-53,5.878994726301408e-52,L1ME3A:L1:LINE,14029.1825080505,-0.0284040072719546,0.570171870491212,0.995278921297154,True,0.0500248108730423,-0.567798393961767,L1,LINE,Not Significant
L1M1,L1M1:TE,20.355299,0.1929506,4.167035615322976e-92,3.716328053962375e-90,L1M1:L1:LINE,6747.66039092458,-0.0225213025477292,0.742536379201992,0.995278921297154,True,0.068558753652855,-0.328496382267464,L1,LINE,Not Significant
MLT1H1,MLT1H1:TE,4.395672,0.19277816,1.1043066878282767e-05,0.0001032989029028,MLT1H1:ERVL-MaLR:LTR,2176.04558244362,0.0170802378375755,0.717438269169462,0.995278921297154,True,0.0471980235641013,0.361884599137467,ERVL-MaLR,LTR,Not Significant
Charlie7a,Charlie7a:TE,3.0479512,0.19227219,0.0023040736966326,0.0152867406075703,Charlie7a:hAT-Charlie:DNA,1293.64147069553,0.0066823658205196,0.900465539273273,0.995278921297154,True,0.0534276065889405,0.125073276666353,hAT-Charlie,DNA,Not Significant
MLT1I,MLT1I:TE,7.289529,0.1912282,3.110411875961695e-13,5.142102801541736e-12,MLT1I:ERVL-MaLR:LTR,7249.0336900709,-0.0129459737933769,0.719796324586618,0.995278921297154,True,0.0360882479634713,-0.358731014220499,ERVL-MaLR,LTR,Not Significant
LTR78B,LTR78B:TE,5.441111,0.18986802,5.2949223166971616e-08,6.180151076828473e-07,LTR78B:ERV1:LTR,1076.21436979962,-0.0073673326389832,0.916135211046459,0.995278921297154,True,0.0699630353964288,-0.105303216151758,ERV1,LTR,Not Significant
Charlie15b,Charlie15b:TE,4.1639132,0.1895661,3.128390377486164e-05,0.0002762967170007,Charlie15b:hAT-Charlie:DNA,1829.76147330847,-0.0813628549204279,0.201794582900033,0.995278921297154,True,0.0637412438144847,-1.2764554007956,hAT-Charlie,DNA,Not Significant
L1MB8,L1MB8:TE,22.265099,0.18944652,8.054693213524404e-110,9.45639861454984e-108,L1MB8:L1:LINE,12605.989274921,-0.0345673735467968,0.547166083223318,0.995278921297154,True,0.057419732193826,-0.602012099779763,L1,LINE,Not Significant
Charlie16a,Charlie16a:TE,2.777426,0.18937087,0.0054791295404667,0.0336912256769689,Charlie16a:hAT-Charlie:DNA,1371.55674035576,-0.0658073659540879,0.472928715170831,0.995278921297154,True,0.0916892137900874,-0.717722000591551,hAT-Charlie,DNA,Not Significant
LTR78,LTR78:TE,6.2398148,0.18925789,4.3808934296498976e-10,6.037035856402002e-09,LTR78:ERV1:LTR,1978.86661799169,-0.0480579215457123,0.367357632758575,0.995278921297154,True,0.0533127480867397,-0.901433958488169,ERV1,LTR,Not Significant
THE1A-int,THE1A-int:TE,6.408599,0.18548852,1.4686280759048784e-10,2.093909716381457e-09,THE1A-int:ERVL-MaLR:LTR,1792.11178626207,0.0378881470978493,0.609812191059268,0.995278921297154,True,0.0742407635337556,0.510341560275339,ERVL-MaLR,LTR,Not Significant
MER115,MER115:TE,3.0366929,0.18355203,0.0023918911452075,0.0158379132780817,MER115:hAT-Tip100:DNA,1310.57730104885,-0.0208681439421422,0.633258414788155,0.995278921297154,True,0.0437353756575677,-0.477145643049514,hAT-Tip100,DNA,Not Significant
L1MEg,L1MEg:TE,22.215256,0.18304339,2.4458885238023296e-109,2.838269481964441e-107,L1MEg:L1:LINE,7637.68625672563,-0.0386563797276319,0.557366700508809,0.995278921297154,True,0.0658813754498013,-0.586757326538915,L1,LINE,Not Significant
MER104,MER104:TE,3.3813536,0.18078859,0.0007212968384335,0.0052541387491811,MER104:TcMar-Tc2:DNA,1978.09206772238,-0.0377357994707025,0.493325956055417,0.995278921297154,True,0.0550864688828945,-0.685028469530751,TcMar-Tc2,DNA,Not Significant
MER65-int,MER65-int:TE,3.0681813,0.17953826,0.0021536595693818,0.0143872501350905,MER65-int:ERV1:LTR,1466.65051794277,-0.0916213180492745,0.235409497965264,0.995278921297154,True,0.077217281371196,-1.18653902885853,ERV1,LTR,Not Significant
L1M5,L1M5:TE,32.664677,0.17870857,4.959370283813e-234,3.4663691599999916e-231,L1M5:L1:LINE,28487.7557964549,-0.062640863884037,0.271477362937394,0.995278921297154,True,0.0569634991411828,-1.09966671339454,L1,LINE,Not Significant
Tigger2a,Tigger2a:TE,5.842135,0.17853077,5.153599870169041e-09,6.568763532567027e-08,Tigger2a:TcMar-Tigger:DNA,6042.35747482544,-0.0261726427617726,0.643433295331317,0.995278921297154,True,0.0565401289258695,-0.462903839432129,TcMar-Tigger,DNA,Not Significant
L1MC4a,L1MC4a:TE,14.979381,0.17599778,1.0014625126639865e-50,4.659281086395683e-49,L1MC4a:L1:LINE,8689.80821329218,-0.0535413443020019,0.359646561917312,0.995278921297154,True,0.058448775535283,-0.916038767479079,L1,LINE,Not Significant
MER103C,MER103C:TE,6.545496,0.17588802,5.929829162942717e-11,8.659913289224653e-10,MER103C:hAT-Charlie:DNA,5723.94177280762,-0.0054418656796488,0.890059507326171,0.995278921297154,True,0.039368505976137,-0.138228910260079,hAT-Charlie,DNA,Not Significant
MLT1K,MLT1K:TE,6.94747,0.17519587,3.718946474244971e-12,5.797351466983019e-11,MLT1K:ERVL-MaLR:LTR,12506.2571223169,0.0415494145885228,0.23562821271651,0.995278921297154,True,0.0350336755118626,1.18598502673389,ERVL-MaLR,LTR,Not Significant
MER63C,MER63C:TE,4.0907345,0.17436884,4.300094873199842e-05,0.0003734162132736,MER63C:hAT-Blackjack:DNA,927.956665903331,-0.108959641823929,0.138865306995727,0.995278921297154,True,0.0736198996683184,-1.48002975166806,hAT-Blackjack,DNA,Not Significant
MER21B,MER21B:TE,6.20567,0.17397875,5.446435617204838e-10,7.44734406165111e-09,MER21B:ERVL:LTR,4480.09366150613,0.0039748873723172,0.92945616761938,0.995278921297154,True,0.0448992251185935,0.0885290862329646,ERVL,LTR,Not Significant
MER113A,MER113A:TE,4.200021,0.17288208,2.6689055583490194e-05,0.0002375302237375,MER113A:hAT-Charlie:DNA,666.094406136023,0.0419949074971184,0.499374994162287,0.995278921297154,True,0.0621710676555512,0.675473481166263,hAT-Charlie,DNA,Not Significant
MLT1E2,MLT1E2:TE,6.500748,0.17256851,7.992145217265426e-11,1.155938039003428e-09,MLT1E2:ERVL-MaLR:LTR,2448.65554872644,-0.0166228935559448,0.691287680812065,0.995278921297154,True,0.0418598608152685,-0.397108189855269,ERVL-MaLR,LTR,Not Significant
MLT1H2,MLT1H2:TE,3.9972627,0.17157601,6.40791517353113e-05,0.0005437320455688,MLT1H2:ERVL-MaLR:LTR,2849.44191747139,0.0645539956541547,0.146775949515831,0.995278921297154,True,0.0444888841066891,1.45101404430256,ERVL-MaLR,LTR,Not Significant
L1P4a,L1P4a:TE,6.68612,0.17148452,2.291649105054105e-11,3.4232362749702354e-10,L1P4a:L1:LINE,331.75157806649,0.0863714731487849,0.330442368649115,0.995278921297154,True,0.0887478541807549,0.973223228280765,L1,LINE,Not Significant
L1M3f,L1M3f:TE,6.411747,0.16979146,1.4386147597790343e-10,2.053065840700801e-09,L1M3f:L1:LINE,524.704742048976,-0.0240373762194351,0.784821609154848,0.995278921297154,True,0.0880357379262124,-0.273041117001623,L1,LINE,Not Significant
MLT1J,MLT1J:TE,6.9084196,0.16975997,4.900829488641125e-12,7.580773560530571e-11,MLT1J:ERVL-MaLR:LTR,16825.1590009983,-0.0158777189189325,0.724684166545939,0.995278921297154,True,0.045080839917709,-0.352205481262457,ERVL-MaLR,LTR,Not Significant
MLT1D-int,MLT1D-int:TE,4.639377,0.16876084,3.4946102134361424e-06,3.4470137828954135e-05,MLT1D-int:ERVL-MaLR:LTR,787.604851377243,-0.0542517250614951,0.492401474950403,0.995278921297154,True,0.0790272071450421,-0.686494272307062,ERVL-MaLR,LTR,Not Significant
L1PB3,L1PB3:TE,8.695125,0.16685073,3.464492303868917e-18,7.1026818685389e-17,L1PB3:L1:LINE,2692.80746665089,-0.0082780465620243,0.919381560847078,0.995278921297154,True,0.081788559603534,-0.101212768658011,L1,LINE,Not Significant
LTR79,LTR79:TE,3.325857,0.1658282,0.0008814714619798,0.0063107729370666,LTR79:ERVL:LTR,3443.71471177293,0.0123035178320617,0.804536276545843,0.995278921297154,True,0.0497150729979932,0.247480634948647,ERVL,LTR,Not Significant
THE1D-int,THE1D-int:TE,6.4066725,0.16462679,1.4872974631951747e-10,2.1195222975974862e-09,THE1D-int:ERVL-MaLR:LTR,1794.27811401188,0.0418871545871779,0.669730264196316,0.995278921297154,True,0.0982071837484411,0.426518234088378,ERVL-MaLR,LTR,Not Significant
HERVL-int,HERVL-int:TE,5.633379,0.16395597,1.7671249936525776e-08,2.1519830504144335e-07,HERVL-int:ERVL:LTR,3571.41899063668,0.0240565865554168,0.780791103482289,0.995278921297154,True,0.0864448552637664,0.278288239155629,ERVL,LTR,Not Significant
L1MA8,L1MA8:TE,14.466711,0.16369799,1.966527603988545e-47,8.615741565288009e-46,L1MA8:L1:LINE,6667.27034702796,-0.0297292868208973,0.673572718867056,0.995278921297154,True,0.0705740163990166,-0.421249750797966,L1,LINE,Not Significant
MLT1G1,MLT1G1:TE,4.7328115,0.1554074,2.2143114359789738e-06,2.2302657576524148e-05,MLT1G1:ERVL-MaLR:LTR,2296.33356217747,0.03964622680364,0.429420036557863,0.995278921297154,True,0.0501733805754723,0.790184483264047,ERVL-MaLR,LTR,Not Significant
MER4B-int,MER4B-int:TE,5.3850284,0.15473919,7.24331916331153e-08,8.346354169266093e-07,MER4B-int:ERV1:LTR,535.210779745641,-0.0745624935184043,0.286425584701298,0.995278921297154,True,0.069946335957955,-1.06599570223699,ERV1,LTR,Not Significant
LTR48B,LTR48B:TE,2.9700613,0.153443,0.0029774043789918,0.0193734333428447,LTR48B:ERV1:LTR,1173.86843016899,0.0534488788094025,0.518695694560593,0.995278921297154,True,0.0828206052885537,0.645357258899307,ERV1,LTR,Not Significant
Tigger2b_Pri,Tigger2b_Pri:TE,5.5026054,0.1520232,3.7421923412684895e-08,4.436749144647907e-07,Tigger2b_Pri:TcMar-Tigger:DNA,1682.77777371717,-0.149200825330256,0.0588982064495355,0.995278921297154,True,0.0789860162231563,-1.88895240530582,TcMar-Tigger,DNA,Not Significant
MER112,MER112:TE,5.003679,0.15093139,5.624643799623246e-07,5.990385166466218e-06,MER112:hAT-Charlie:DNA,3873.0040790144,-0.0709958600055166,0.108119090157755,0.995278921297154,True,0.0441872395822151,-1.60670502789434,hAT-Charlie,DNA,Not Significant
L1MDb,L1MDb:TE,4.791155,0.15055092,1.658242432856885e-06,1.685440524839827e-05,L1MDb:L1:LINE,439.092569473222,-0.023967487846459,0.727354519731342,0.995278921297154,True,0.0687443301363585,-0.348646758196902,L1,LINE,Not Significant
MER4-int,MER4-int:TE,5.551352,0.14917018,2.834682892394549e-08,3.390226594943023e-07,MER4-int:ERV1:LTR,2958.90351155671,-0.018237016533653,0.710118895675875,0.995278921297154,True,0.049064279006986,-0.371696413414254,ERV1,LTR,Not Significant
MER20B,MER20B:TE,5.1620655,0.1487535,2.4423984084270617e-07,2.6977686205540365e-06,MER20B:hAT-Charlie:DNA,3320.42235346147,-0.0132594666665922,0.720816025930895,0.995278921297154,True,0.0371030747560524,-0.357368405550519,hAT-Charlie,DNA,Not Significant
MER44A,MER44A:TE,4.97951,0.14620578,6.374549170094768e-07,6.760306115285754e-06,MER44A:TcMar-Tigger:DNA,2520.61195097558,-0.130749263212738,0.06278301815974,0.995278921297154,True,0.0702679125271281,-1.86072502384727,TcMar-Tigger,DNA,Not Significant
Tigger20a,Tigger20a:TE,3.83245,0.1441593,0.0001268734244168,0.0010350653558223,Tigger20a:TcMar-Tigger:DNA,933.540750739336,-0.0399323751828844,0.488083403857012,0.995278921297154,True,0.057592523146008,-0.693360405163153,TcMar-Tigger,DNA,Not Significant
L1M3de,L1M3de:TE,5.500166,0.1423088,3.7943404547810393e-08,4.4914888683908683e-07,L1M3de:L1:LINE,310.520333994213,0.0221136433889084,0.859527045731328,0.995278921297154,True,0.124952605386875,0.176976248878051,L1,LINE,Not Significant
MER20,MER20:TE,5.881581,0.14218828,4.063665479468337e-09,5.2283161808827434e-08,MER20:hAT-Charlie:DNA,9612.08118772278,0.0209222303581108,0.604777225735294,0.995278921297154,True,0.0404260789248212,0.517542905831136,hAT-Charlie,DNA,Not Significant
L1MA4A,L1MA4A:TE,11.631912,0.13834324,2.836698217266394e-31,8.75328181929584e-30,L1MA4A:L1:LINE,5544.25210250651,-0.0450174415023856,0.537788999017094,0.995278921297154,True,0.0730612984472858,-0.616159888464971,L1,LINE,Not Significant
L1ME4a,L1ME4a:TE,12.493517,0.13820583,8.099298798607024e-36,2.7819934330529604e-34,L1ME4a:L1:LINE,27980.06193939,-0.0460271957011437,0.359730630972143,0.995278921297154,True,0.0502546967877941,-0.915878487845594,L1,LINE,Not Significant
MER46C,MER46C:TE,4.642975,0.1377746,3.4342809405640128e-06,3.3897311549639214e-05,MER46C:TcMar-Tigger:DNA,2261.20507649615,-0.0489811180883889,0.280472390781575,0.995278921297154,True,0.0453840356122927,-1.07925876197581,TcMar-Tigger,DNA,Not Significant
MLT1F1,MLT1F1:TE,3.9749045,0.13735151,7.040746108096936e-05,0.000594409056963,MLT1F1:ERVL-MaLR:LTR,3296.80260463044,-0.01534137675491,0.720637985932407,0.995278921297154,True,0.0429001895948507,-0.35760626933806,ERVL-MaLR,LTR,Not Significant
MLT1B-int,MLT1B-int:TE,3.9626658,0.1366018,7.411750753411488e-05,0.0006241528968724,MLT1B-int:ERVL-MaLR:LTR,335.304022095013,-0.0849751288651463,0.396773600275074,0.995278921297154,True,0.100277767358475,-0.847397495013782,ERVL-MaLR,LTR,Not Significant
MLT1A,MLT1A:TE,5.6575193,0.13485616,1.535765110181822e-08,1.8793737942391968e-07,MLT1A:ERVL-MaLR:LTR,6212.18352480369,0.0108899088647158,0.716236278106339,0.995278921297154,True,0.0299590206858796,0.363493485948574,ERVL-MaLR,LTR,Not Significant
Tigger8,Tigger8:TE,3.7466576,0.13111085,0.0001792063749953,0.0014305571316027,Tigger8:TcMar-Tigger:DNA,1139.54748735041,-0.138206074044819,0.109763386847128,0.995278921297154,True,0.0864188971640168,-1.59925755338573,TcMar-Tigger,DNA,Not Significant
L1PA16,L1PA16:TE,17.463667,0.13095066,2.709549255904745e-68,1.7216808221187551e-66,L1PA16:L1:LINE,10624.1269891415,-0.0470745862305941,0.514159490229951,0.995278921297154,True,0.0721588179649751,-0.652374686257242,L1,LINE,Not Significant
L1MC5,L1MC5:TE,10.4209175,0.12955111,1.9902299446568823e-25,5.22413633071289e-24,L1MC5:L1:LINE,14727.2222428181,-0.0573325512279515,0.345050403752979,0.995278921297154,True,0.0607186239742244,-0.944233374792712,L1,LINE,Not Significant
Charlie18a,Charlie18a:TE,3.8973064,0.12596768,9.726849122332131e-05,0.0008042378277075,Charlie18a:hAT-Charlie:DNA,2066.27475467226,-0.0058718123885804,0.875289552390326,0.995278921297154,True,0.0374135961927708,-0.156943276939387,hAT-Charlie,DNA,Not Significant
L1PB4,L1PB4:TE,9.24183,0.12468203,2.4231667483277166e-20,5.4308931111849e-19,L1PB4:L1:LINE,4779.05059756216,-0.0162518946398615,0.830318370195373,0.995278921297154,True,0.075839502831331,-0.214293264501036,L1,LINE,Not Significant
MLT1A1,MLT1A1:TE,4.9351335,0.124196716,8.00960606581244e-07,8.422977967389533e-06,MLT1A1:ERVL-MaLR:LTR,5166.11973646781,0.0312891662657126,0.441280500584219,0.995278921297154,True,0.0406335556982356,0.770032691652217,ERVL-MaLR,LTR,Not Significant
Tigger17a,Tigger17a:TE,5.098584,0.12338559,3.422036993917919e-07,3.719686142936819e-06,Tigger17a:TcMar-Tigger:DNA,3618.79402883792,-0.0425053930582468,0.257300162757352,0.995278921297154,True,0.0375225669101858,-1.1327954497353,TcMar-Tigger,DNA,Not Significant
L1ME3Cz,L1ME3Cz:TE,9.96254,0.12320278,2.223093125194549e-23,5.535630810084687e-22,L1ME3Cz:L1:LINE,7761.44782566019,-0.0557398760506314,0.357072145134215,0.995278921297154,True,0.0605237716461529,-0.920958402534956,L1,LINE,Not Significant
MER53,MER53:TE,2.8904507,0.12101509,0.0038468985947945,0.0244591786051511,MER53:hAT:DNA,1789.19830586576,0.0118063079088039,0.768861194846784,0.995278921297154,True,0.0401759814844609,0.293864828501335,hAT,DNA,Not Significant
MLT1A0,MLT1A0:TE,5.587014,0.12010434,2.3100689503322386e-08,2.783846122784099e-07,MLT1A0:ERVL-MaLR:LTR,14628.5747539613,0.0164758510017606,0.611869125336561,0.995278921297154,True,0.0324706676647116,0.507407213546957,ERVL-MaLR,LTR,Not Significant
L1MA2,L1MA2:TE,13.433285,0.11762112,3.859059289422466e-41,1.5023837686993814e-39,L1MA2:L1:LINE,5806.51481898299,-0.0441027290866197,0.545414808961906,0.995278921297154,True,0.0729398558037865,-0.604645136744708,L1,LINE,Not Significant
AluYh3a3,AluYh3a3:TE,3.4278252,0.11741461,0.0006084371740897,0.0044743281789254,AluYh3a3:Alu:SINE,142.84873848347,0.0831441515379557,0.475419676462638,0.995278921297154,True,0.116499179510557,0.713688730575317,Alu,SINE,Not Significant
MER117,MER117:TE,2.9417143,0.115540825,0.0032640088689188,0.0210514563423507,MER117:hAT-Charlie:DNA,2459.43240116667,0.0081742240793183,0.911593838872202,0.995278921297154,True,0.0736228322942833,0.111028383785136,hAT-Charlie,DNA,Not Significant
L1M7,L1M7:TE,5.784814,0.11460861,7.259265241720804e-09,9.128753842674425e-08,L1M7:L1:LINE,1612.8110411231,-0.0463685072457912,0.588778940210369,0.995278921297154,True,0.085771295985074,-0.54060634986628,L1,LINE,Not Significant
Charlie2b,Charlie2b:TE,4.8254876,0.11403713,1.3966118541465103e-06,1.4277268461351486e-05,Charlie2b:hAT-Charlie:DNA,2291.4069078853,-0.0739519236189935,0.122233406414607,0.995278921297154,True,0.0478508669326767,-1.54546674615194,hAT-Charlie,DNA,Not Significant
THE1A,THE1A:TE,4.403913,0.113701954,1.0631566774573094e-05,9.96046569232526e-05,THE1A:ERVL-MaLR:LTR,3680.57843389275,0.0317346685511249,0.604139960921682,0.995278921297154,True,0.0612099229499714,0.518456273455246,ERVL-MaLR,LTR,Not Significant
LTR16A,LTR16A:TE,3.0892081,0.11369312,0.0020069080225286,0.0134787979032624,LTR16A:ERVL:LTR,2661.67214816538,0.0125028173682186,0.807655686626304,0.995278921297154,True,0.0513565110147917,0.243451455738835,ERVL,LTR,Not Significant
MLT1D,MLT1D:TE,6.031826,0.11301023,1.6211724379415214e-09,2.1426709596452256e-08,MLT1D:ERVL-MaLR:LTR,10701.4419278673,0.0216039449742232,0.628376597443779,0.995278921297154,True,0.0446350451374998,0.484013064345998,ERVL-MaLR,LTR,Not Significant
L1MA9,L1MA9:TE,15.755751,0.109928824,6.2710593520984e-56,3.232876309216422e-54,L1MA9:L1:LINE,10028.3986835218,-0.0334900464924886,0.628637187742117,0.995278921297154,True,0.0692449701334399,-0.483645908546872,L1,LINE,Not Significant
L1MA4,L1MA4:TE,12.871252,0.10727445,6.533467256070276e-38,2.3460377345423195e-36,L1MA4:L1:LINE,8060.43096916192,-0.0614783211726778,0.355640189216959,0.995278921297154,True,0.0665562647551425,-0.923704498725309,L1,LINE,Not Significant
MER3,MER3:TE,4.7522097,0.10667083,2.0120534385127976e-06,2.031998188659346e-05,MER3:hAT-Charlie:DNA,7248.19456078101,-0.0803565159719438,0.162602655350297,0.995278921297154,True,0.057546660367633,-1.39637149156166,hAT-Charlie,DNA,Not Significant
MER21C,MER21C:TE,4.52774,0.1037709,5.961786948338967e-06,5.737480202764255e-05,MER21C:ERVL:LTR,7638.91652595206,0.0166678794092141,0.663368669326391,0.995278921297154,True,0.0382934640360258,0.435266952959211,ERVL,LTR,Not Significant
L1M6,L1M6:TE,5.12974,0.10204331,2.9014199135077455e-07,3.174451237731172e-06,L1M6:L1:LINE,2794.42968056074,-0.0253130400599024,0.702268144214106,0.995278921297154,True,0.0662193439032212,-0.382260508302486,L1,LINE,Not Significant
Charlie3,Charlie3:TE,3.0455537,0.101423234,0.0023225236195894,0.0153989515523409,Charlie3:hAT-Charlie:DNA,364.127350379799,0.0946982937967756,0.314700265859929,0.995278921297154,True,0.0941888883134816,1.00540833948054,hAT-Charlie,DNA,Not Significant
HERVH-int,HERVH-int:TE,3.3172183,0.10093831,0.0009091857225807,0.0064983536009904,HERVH-int:ERV1:LTR,11445.514986222,0.168713448836382,0.483175016435366,0.995278921297154,True,0.240604987832775,0.701205117799309,ERV1,LTR,Not Significant
MIR3,MIR3:TE,4.7526307,0.099652275,2.007867346405607e-06,2.028452204914976e-05,MIR3:MIR:SINE,62012.1364209126,4.15934696648047e-05,0.999404872415216,0.999413304636182,True,0.0557641504898832,0.0007458818846769,MIR,SINE,Not Significant
L1MA5,L1MA5:TE,7.3761826,0.09917579,1.6289263419514565e-13,2.730473017699443e-12,L1MA5:L1:LINE,3568.63348558065,-0.035720018744402,0.5589676966695,0.995278921297154,True,0.061125111949934,-0.584375514496552,L1,LINE,Not Significant
MLT1F,MLT1F:TE,4.3601403,0.09842975,1.2997903388793294e-05,0.0001209074547663,MLT1F:ERVL-MaLR:LTR,4225.97153785565,-0.0241838510788721,0.614711924817958,0.995278921297154,True,0.0480449407220862,-0.503358953417437,ERVL-MaLR,LTR,Not Significant
LTR16C,LTR16C:TE,4.0836196,0.09736464,4.433961865671859e-05,0.0003838212093109,LTR16C:ERVL:LTR,5039.34832349234,0.0381387410717667,0.652688999358901,0.995278921297154,True,0.0847471578187208,0.450029736139915,ERVL,LTR,Not Significant
THE1D,THE1D:TE,4.1158805,0.09707749,3.85703949962011e-05,0.0003367456256457,THE1D:ERVL-MaLR:LTR,12380.5411979248,0.0576988247552208,0.292589949888329,0.995278921297154,True,0.0548229782868175,1.05245695433323,ERVL-MaLR,LTR,Not Significant
MIR1_Amn,MIR1_Amn:TE,4.0952005,0.09411994,4.218031734032323e-05,0.000366713751132,MIR1_Amn:MIR:SINE,7667.03403793633,0.0368872360803258,0.6230551428679,0.995278921297154,True,0.0750465036595641,0.491525044892945,MIR,SINE,Not Significant
MER102b,MER102b:TE,3.6852574,0.09388841,0.000228471667442,0.0017938129480067,MER102b:hAT-Charlie:DNA,3091.27158089027,-3.83391498937314e-05,0.999413304636182,0.999413304636182,True,0.0521398581008233,-0.0007353136600332,hAT-Charlie,DNA,Not Significant
L1MA5A,L1MA5A:TE,4.344974,0.09361494,1.3929218355257385e-05,0.000128971860033,L1MA5A:L1:LINE,2724.62623521759,-0.0603521318291962,0.382012501844218,0.995278921297154,True,0.0690374421879496,-0.874194204137687,L1,LINE,Not Significant
L1ME4b,L1ME4b:TE,7.2629666,0.09167615,3.786912142325238e-13,6.226238754791304e-12,L1ME4b:L1:LINE,16140.0233039649,-0.0584506171421766,0.229711006102152,0.995278921297154,True,0.0486640917619818,-1.20110362745618,L1,LINE,Not Significant
LTR40a,LTR40a:TE,3.1239967,0.091661096,0.0017841237376797,0.0120824332888609,LTR40a:ERVL:LTR,1564.01549168438,0.0136994644394616,0.854611239184754,0.995278921297154,True,0.0747632074490355,0.1832380512674,ERVL,LTR,Not Significant
L1PA13,L1PA13:TE,9.256281,0.09147409,2.116766667060696e-20,4.754814811547773e-19,L1PA13:L1:LINE,5976.09071521107,-0.0343705537446189,0.599674774050677,0.995278921297154,True,0.06548415334339,-0.524868261858474,L1,LINE,Not Significant
MER58B,MER58B:TE,4.0114694,0.09101533,6.0342027403669536e-05,0.0005140531841318,MER58B:hAT-Charlie:DNA,4974.2633334494,-0.0194400270865159,0.623446376342954,0.995278921297154,True,0.0395949953916194,-0.490971823439852,hAT-Charlie,DNA,Not Significant
MER41-int,MER41-int:TE,3.867678,0.0903292,0.0001098766433033,0.0009040083532667,MER41-int:ERV1:LTR,3026.73182307948,-0.0464127444898297,0.504691902396452,0.995278921297154,True,0.0695712227805657,-0.66712561077473,ERV1,LTR,Not Significant
MLT1B,MLT1B:TE,3.8710408,0.08951314,0.0001083716651566,0.0008921145977222,MLT1B:ERVL-MaLR:LTR,11155.5779626437,0.0325900449037695,0.438725152442015,0.995278921297154,True,0.0420870899658466,0.774347785276106,ERVL-MaLR,LTR,Not Significant
MLT1L,MLT1L:TE,4.2950063,0.08852117,1.7468836567565376e-05,0.0001597765925253,MLT1L:ERVL-MaLR:LTR,9607.40913841538,-0.0957311563462322,0.204817022168274,0.995278921297154,True,0.075500937172956,-1.26794659683407,ERVL-MaLR,LTR,Not Significant
L1MB5,L1MB5:TE,5.547373,0.088370785,2.899941508219897e-08,3.464139190363632e-07,L1MB5:L1:LINE,6986.03151969187,-0.0098970171713079,0.867519935222817,0.995278921297154,True,0.05933125239796,-0.166809510524478,L1,LINE,Not Significant
L1PB2,L1PB2:TE,4.356735,0.08778738,1.3201687768615996e-05,0.0001225754482192,L1PB2:L1:LINE,1912.43235616878,-0.0140263006455832,0.834629077027066,0.995278921297154,True,0.0671859522539737,-0.208768353726111,L1,LINE,Not Significant
L1P2,L1P2:TE,4.631265,0.08676745,3.6343809292236138e-06,3.5778355331744424e-05,L1P2:L1:LINE,1328.92986523131,0.0038517608623719,0.95668624498704,0.995278921297154,True,0.0709185858731776,0.054312431853336,L1,LINE,Not Significant
L1PA8A,L1PA8A:TE,6.0754557,0.08549089,1.236362569646314e-09,1.6485748460834064e-08,L1PA8A:L1:LINE,2385.15858629938,0.0406765242412434,0.681069974581118,0.995278921297154,True,0.0989688046231198,0.411003491414719,L1,LINE,Not Significant
AluYk3,AluYk3:TE,3.416813,0.08411652,0.0006335878403073,0.0046490435889739,AluYk3:Alu:SINE,327.140225780453,0.109841886955155,0.201654440927437,0.995278921297154,True,0.0860255313988779,1.27685217596444,Alu,SINE,Not Significant
MLT1C,MLT1C:TE,3.6905222,0.08147714,0.0002237942356546,0.0017593868042375,MLT1C:ERVL-MaLR:LTR,11568.0279621592,0.0257317741350328,0.550270061482483,0.995278921297154,True,0.0430761487977374,0.597355493775813,ERVL-MaLR,LTR,Not Significant
Charlie1b,Charlie1b:TE,3.9532208,0.08017812,7.710620965867027e-05,0.0006469645816,Charlie1b:hAT-Charlie:DNA,2636.19931410817,-0.024375577986638,0.630993394869229,0.995278921297154,True,0.0507476595105125,-0.480329107228848,hAT-Charlie,DNA,Not Significant
MER44C,MER44C:TE,3.5531418,0.07960179,0.0003806592254456,0.0028912592925874,MER44C:TcMar-Tigger:DNA,1224.77051978376,-0.029783324978205,0.496354087030589,0.995278921297154,True,0.0437837147681977,-0.68023750693347,TcMar-Tigger,DNA,Not Significant
MER21A,MER21A:TE,2.8348675,0.07623973,0.0045844697517545,0.02862198553988,MER21A:ERVL:LTR,2485.87685642283,-0.0670653289221636,0.24104288477231,0.995278921297154,True,0.0572042298881958,-1.17238408861095,ERVL,LTR,Not Significant
SVA_A,SVA_A:TE,3.5809176,0.074000135,0.0003423897122025,0.0026224573904812,SVA_A:SVA:Retroposon,1705.5930536943,-0.199841854497139,0.268847560023861,0.995278921297154,True,0.180734528879682,-1.1057203940824,SVA,Retroposon,Not Significant
MER11C,MER11C:TE,2.7427697,0.07352301,0.0060923402779459,0.0371410318567275,MER11C:ERVK:LTR,2180.56407930968,0.0050244967060761,0.936564409670531,0.995278921297154,True,0.0631308067470946,0.079588666214968,ERVK,LTR,Not Significant
Tigger19b,Tigger19b:TE,2.9837198,0.06911447,0.0028476741233719,0.0186179781983783,Tigger19b:TcMar-Tigger:DNA,3533.66753019679,-0.0523132803715802,0.460348475239267,0.995278921297154,True,0.0708589766750389,-0.738273156434227,TcMar-Tigger,DNA,Not Significant
LTR12C,LTR12C:TE,3.575344,0.068274714,0.0003497677184836,0.0026721577984304,LTR12C:ERV1:LTR,3055.29514883045,0.0226997221279799,0.715393806478275,0.995278921297154,True,0.0622555417943786,0.364621710352371,ERV1,LTR,Not Significant
LTR33,LTR33:TE,3.3522818,0.06801241,0.0008014839661103,0.0057878024797797,LTR33:ERVL:LTR,8038.97112882106,0.0751128682694429,0.335772128767836,0.995278921297154,True,0.078035084636477,0.96255253158695,ERVL,LTR,Not Significant
MER5B,MER5B:TE,3.1458979,0.06752043,0.0016557784117537,0.0112895690030076,MER5B:hAT-Charlie:DNA,13050.4615246634,-0.0200440819405983,0.657384342524017,0.995278921297154,True,0.0451924374575148,-0.44352734811973,hAT-Charlie,DNA,Not Significant
Charlie25,Charlie25:TE,3.6800945,0.06740229,0.0002331475600038,0.001826231408891,Charlie25:hAT-Charlie:DNA,551.425663886272,-0.0801069122101689,0.382760249580864,0.995278921297154,True,0.0917792360131328,-0.872821737137868,hAT-Charlie,DNA,Not Significant
Tigger4b,Tigger4b:TE,3.1658955,0.0672515,0.001546063159807,0.0106016263445128,Tigger4b:TcMar-Tigger:DNA,2119.44774473878,-0.0796300614676066,0.211428015671029,0.995278921297154,True,0.0637219730684561,-1.24964839651247,TcMar-Tigger,DNA,Not Significant
L1M3,L1M3:TE,4.1319475,0.06672775,3.597026076469356e-05,0.0003152773949498,L1M3:L1:LINE,3032.80887086516,-0.0770830749954024,0.270908254155622,0.995278921297154,True,0.0700135699794658,-1.10097335442272,L1,LINE,Not Significant
MLT1F2,MLT1F2:TE,3.3587625,0.066025116,0.0007829231637,0.0056659657320023,MLT1F2:ERVL-MaLR:LTR,5915.65842943568,0.0013709705290375,0.971277346009475,0.995278921297154,True,0.0380758653067978,0.0360062868694084,ERVL-MaLR,LTR,Not Significant
L1PA6,L1PA6:TE,8.958444,0.06600991,3.292944762505791e-19,7.044089312249931e-18,L1PA6:L1:LINE,8159.90334955422,-0.0120137624846932,0.858234546213266,0.995278921297154,True,0.0672580355866552,-0.178621965091661,L1,LINE,Not Significant
Charlie21a,Charlie21a:TE,2.8332722,0.06542271,0.0046074148067318,0.0287413557526621,Charlie21a:hAT-Charlie:DNA,612.124516879801,-0.117128120560098,0.285319928272897,0.995278921297154,True,0.109624870793834,-1.06844477637173,hAT-Charlie,DNA,Not Significant
MLT1H,MLT1H:TE,3.2231421,0.06234149,0.0012679266088773,0.0088232308936808,MLT1H:ERVL-MaLR:LTR,6978.95028896165,0.0412864845850731,0.24460703000825,0.995278921297154,True,0.0354832517744736,1.16354850585521,ERVL-MaLR,LTR,Not Significant
L1PB1,L1PB1:TE,11.158481,0.061522577,6.509479306100333e-29,1.8775662240388245e-27,L1PB1:L1:LINE,11687.1506518953,-0.0403469963730372,0.553363407334998,0.995278921297154,True,0.0680700380238445,-0.592727689661403,L1,LINE,Not Significant
MIRc,MIRc:TE,4.3334403,0.060042787,1.4679711135176156e-05,0.0001356282564302,MIRc:MIR:SINE,70223.504626776,-0.0232126724685675,0.650691611897933,0.995278921297154,True,0.0512645549488955,-0.452801599305948,MIR,SINE,Not Significant
Tigger1,Tigger1:TE,8.650605,0.05417664,5.1226927747703216e-18,1.040990746083313e-16,Tigger1:TcMar-Tigger:DNA,22601.1770061859,-0.068704920008999,0.2073288742216,0.995278921297154,True,0.0544868744067462,-1.26094441564247,TcMar-Tigger,DNA,Not Significant
L1PREC2,L1PREC2:TE,6.699274,0.052216098,2.094572015391972e-11,3.1335172684223844e-10,L1PREC2:L1:LINE,5377.78312533836,-0.0004129187748805,0.99519774416835,0.99863022158782,True,0.0686051592722151,-0.0060187714635599,L1,LINE,Not Significant
Tigger3,Tigger3:TE,3.2840173,0.04826503,0.0010233864503481,0.007243966030432,Tigger3:TcMar-Tigger:DNA,762.447955353649,-0.072634375524686,0.170668639464645,0.995278921297154,True,0.0530155283553159,-1.37005850508331,TcMar-Tigger,DNA,Not Significant
MIRb,MIRb:TE,6.04534,0.04816695,1.4909536782710442e-09,1.9749058087455377e-08,MIRb:MIR:SINE,142959.790065078,0.0063043914572829,0.837373718631217,0.995278921297154,True,0.0307150794414584,0.205253952518625,MIR,SINE,Not Significant
Charlie2a,Charlie2a:TE,3.116828,0.040982388,0.0018280825988849,0.0123606349852616,Charlie2a:hAT-Charlie:DNA,1725.03514556291,-0.0488997611346922,0.277392329993207,0.995278921297154,True,0.045019283398285,-1.08619590192222,hAT-Charlie,DNA,Not Significant
MER30,MER30:TE,2.8705423,0.03956349,0.0040976825770295,0.0259057319841443,MER30:hAT-Charlie:DNA,3610.55317705184,0.0032003552156505,0.938689570434166,0.995278921297154,True,0.0416079026976715,0.0769170039380427,hAT-Charlie,DNA,Not Significant
L1M3e,L1M3e:TE,2.6487372,0.028103046,0.0080793110499396,0.048074380044731,L1M3e:L1:LINE,262.091853364447,-0.107639972316276,0.301934641829925,0.995278921297154,True,0.104272642981,-1.03229350708881,L1,LINE,Not Significant
MIR,MIR:TE,3.3645675,0.025496399,0.0007666370919815,0.0055636675461152,MIR:MIR:SINE,122360.85895973,0.0003732035686487,0.988896864027902,0.998424504882168,True,0.0268179868617896,0.0139161664360615,MIR,SINE,Not Significant
L1PA3,L1PA3:TE,6.0545464,0.016841145,1.4081408860008352e-09,1.8709847183357693e-08,L1PA3:L1:LINE,14792.1353402931,0.0046473651991965,0.949214164703569,0.995278921297154,True,0.0729643462761014,0.0636936454088227,L1,LINE,Not Significant
L1PA4,L1PA4:TE,3.0653114,-0.020824026,0.0021744351436295,0.0145108887652049,L1PA4:L1:LINE,14277.5717765911,-0.0072432217708313,0.914004828557857,0.995278921297154,True,0.0670740213709431,-0.10798848231827,L1,LINE,Not Significant
L2,L2:TE,-2.6674564,-0.02116057,0.0076427796167882,0.0456758284713801,L2:L2:LINE,110144.282460146,0.0150390167798123,0.893190033488489,0.995278921297154,True,0.11200679645564,0.134268787749576,L2,LINE,Not Significant
L2c,L2c:TE,-3.045771,-0.021738386,0.0023208467376098,0.0153912287508522,L2c:L2:LINE,218262.610655511,0.0194973643528951,0.822902610794661,0.995278921297154,True,0.0871144285713826,0.223813261162801,L2,LINE,Not Significant
AluYm1,AluYm1:TE,-4.630489,-0.039364554,3.648033340762835e-06,3.590099608926883e-05,AluYm1:Alu:SINE,1533.20641426066,0.0517552189464633,0.386707730997454,0.995278921297154,True,0.059790919683318,0.865603326066638,Alu,SINE,Not Significant
Tigger2,Tigger2:TE,-3.9504094,-0.05627338,7.801759927753998e-05,0.0006538814685684,Tigger2:TcMar-Tigger:DNA,5927.15838746894,-0.026857329943241,0.558410068732599,0.995278921297154,True,0.0458939048728671,-0.585204724192456,TcMar-Tigger,DNA,Not Significant
L1HS,L1HS:TE,-2.656362,-0.058234323,0.0078988760819796,0.0470846332098172,L1HS:L1:LINE,2825.6404938476,-0.0342047156741634,0.589092863266858,0.995278921297154,True,0.0633243521723894,-0.54015105564834,L1,LINE,Not Significant
L1PA10,L1PA10:TE,-3.1617815,-0.06267748,0.0015680718342244,0.0107402914716537,L1PA10:L1:LINE,5293.22736691228,0.014841762152393,0.827828240407459,0.995278921297154,True,0.0682418254950483,0.217487765673413,L1,LINE,Not Significant
L1PA5,L1PA5:TE,-5.423055,-0.07339321,5.8588854615172014e-08,6.801421496558496e-07,L1PA5:L1:LINE,13520.1800542767,-0.0074244921436935,0.901649890238674,0.995278921297154,True,0.0600796937976356,-0.123577396527706,L1,LINE,Not Significant
AluSg4,AluSg4:TE,-8.278518,-0.07610729,1.2471814329634335e-16,2.396677619419181e-15,AluSg4:Alu:SINE,2958.25484176536,-0.0410564327165483,0.5161847715726,0.995278921297154,True,0.0632379097793734,-0.649237662341899,Alu,SINE,Not Significant
AluSg7,AluSg7:TE,-10.690343,-0.08325257,1.129522581806318e-26,3.058360468125125e-25,AluSg7:Alu:SINE,3778.40895503085,0.0358664898742174,0.538990359965701,0.995278921297154,True,0.0583821043784989,0.614340477377969,Alu,SINE,Not Significant
L1PA17,L1PA17:TE,-5.784641,-0.083446965,7.266737193479828e-09,9.13432816185848e-08,L1PA17:L1:LINE,4099.1671659325,0.0081988211227538,0.896248664102586,0.995278921297154,True,0.0628736013025334,0.13040164636511,L1,LINE,Not Significant
AluSq,AluSq:TE,-12.755458,-0.08716215,2.9066055967096258e-37,1.0241269778324479e-35,AluSq:Alu:SINE,10376.6703777926,0.0215550546133004,0.686385246938211,0.995278921297154,True,0.053385096807323,0.403765393384912,Alu,SINE,Not Significant
AluJr4,AluJr4:TE,-12.190618,-0.08869761,3.487676038991126e-34,1.1595365415030783e-32,AluJr4:Alu:SINE,10415.9322583856,-0.0127019581731174,0.792352342923432,0.995278921297154,True,0.0482492330246521,-0.263257203832184,Alu,SINE,Not Significant
AluSq4,AluSq4:TE,-6.511904,-0.08952735,7.420418026184791e-11,1.074798379648115e-09,AluSq4:Alu:SINE,1103.98701467538,-0.0731427063813238,0.398097604901734,0.995278921297154,True,0.0865569878058906,-0.845023703289569,Alu,SINE,Not Significant
AluSx1,AluSx1:TE,-21.642113,-0.09072229,7.212241367295469e-104,7.741568367645188e-102,AluSx1:Alu:SINE,52855.8808312473,0.010623521055773,0.843272930845368,0.995278921297154,True,0.0537331817511871,0.197708765971938,Alu,SINE,Not Significant
AluSz,AluSz:TE,-22.84524,-0.0974067,1.6296583310798104e-115,2.1576819885728504e-113,AluSz:Alu:SINE,50711.7203502982,-0.0058502253192486,0.911217318724797,0.995278921297154,True,0.0524668771192503,-0.111503211939828,Alu,SINE,Not Significant
AluY,AluY:TE,-24.377865,-0.09818933,2.9368950347054703e-131,4.9869141394391467e-129,AluY:Alu:SINE,35384.4035932425,0.0313113779609908,0.540360407438256,0.995278921297154,True,0.0511399812892039,0.612268076202854,Alu,SINE,Not Significant
THE1C,THE1C:TE,-3.4615905,-0.09945408,0.0005369935056725,0.0039860063751517,THE1C:ERVL-MaLR:LTR,9231.14434213026,0.100660093049022,0.0905704629457674,0.995278921297154,True,0.059477854587441,1.69239616571974,ERVL-MaLR,LTR,Not Significant
AluSx3,AluSx3:TE,-18.030909,-0.10571785,1.1144366195939336e-72,7.57791687825694e-71,AluSx3:Alu:SINE,13795.4097906214,-0.0037367104323289,0.944400886238721,0.995278921297154,True,0.0535808637831224,-0.0697396452482346,Alu,SINE,Not Significant
AluSp,AluSp:TE,-21.440035,-0.105919674,5.657218970031314e-102,5.883311977311113e-100,AluSp:Alu:SINE,24092.4525099288,0.001896525095792,0.971809462017658,0.995278921297154,True,0.0536667016959841,0.0353389538737752,Alu,SINE,Not Significant
AluSg,AluSg:TE,-20.011679,-0.106535785,4.357289986544149e-89,3.709868287410323e-87,AluSg:Alu:SINE,17572.042599067,0.0119371134683401,0.812893862939905,0.995278921297154,True,0.0504325931657772,0.236694421583707,Alu,SINE,Not Significant
AluSc,AluSc:TE,-20.999214,-0.10781269,6.667977620643984e-98,6.423271390655608e-96,AluSc:Alu:SINE,15610.5997090619,-0.0089473900196771,0.863769098733168,0.995278921297154,True,0.0521475735750495,-0.171578261581055,Alu,SINE,Not Significant
AluJo,AluJo:TE,-23.974957,-0.10814765,5.0758156808566706e-127,8.157948678510548e-125,AluJo:Alu:SINE,36611.3351305666,-0.0228606863289809,0.675025763163221,0.995278921297154,True,0.0545262110005667,-0.419260497098237,Alu,SINE,Not Significant
AluSx,AluSx:TE,-25.699003,-0.109100364,1.1992747250650463e-145,2.5030695737381924e-143,AluSx:Alu:SINE,52347.7278441381,0.0049408048605826,0.924785645872426,0.995278921297154,True,0.0523350074966159,0.0944072638358211,Alu,SINE,Not Significant
L1PA2,L1PA2:TE,-6.1705947,-0.10991155,6.803355623132265e-10,9.239713206201548e-09,L1PA2:L1:LINE,7135.36076989575,0.0225692100024476,0.764132970072177,0.995278921297154,True,0.0752161763096279,0.300057927825809,L1,LINE,Not Significant
AluSq2,AluSq2:TE,-23.34192,-0.11026422,1.6647806547732333e-120,2.4055280086158424e-118,AluSq2:Alu:SINE,27926.0559091236,-0.0079976687621811,0.887884501475697,0.995278921297154,True,0.0567284697570649,-0.140981570566429,Alu,SINE,Not Significant
AluJb,AluJb:TE,-30.780893,-0.11546306,4.72203122567981e-208,2.326568007996831e-205,AluJb:Alu:SINE,59496.8735950942,-0.0134894295420959,0.810822814904677,0.995278921297154,True,0.056355137748411,-0.239364680507347,Alu,SINE,Not Significant
AluYa5,AluYa5:TE,-8.765516,-0.117932886,1.859225810797745e-18,3.864386704254927e-17,AluYa5:Alu:SINE,788.355386295737,-0.00109187012324,0.987736129700811,0.998424504882168,True,0.0710340200757312,-0.0153710872913563,Alu,SINE,Not Significant
AluJr,AluJr:TE,-27.460295,-0.11839046,5.235050797234815e-166,1.4568467751008553e-163,AluJr:Alu:SINE,38432.6309436337,-0.0014298516183971,0.977944066149048,0.997102364862565,True,0.0517190168842148,-0.0276465351535618,Alu,SINE,Not Significant
AluSz6,AluSz6:TE,-25.481781,-0.11987117,3.138677466136888e-143,6.165552368937528e-141,AluSz6:Alu:SINE,23908.5588108256,0.000978667424,0.98476254386298,0.998424504882168,True,0.0512432096992861,0.019098480164361,Alu,SINE,Not Significant
AluSc8,AluSc8:TE,-20.894617,-0.12747176,5.993651411715506e-97,5.755245788469954e-95,AluSc8:Alu:SINE,9843.81952345217,0.0041432581977707,0.947054610049854,0.995278921297154,True,0.0623928485300979,0.0664059791367291,Alu,SINE,Not Significant
Tigger13a,Tigger13a:TE,-4.4081836,-0.12795933,1.0424109737397724e-05,9.790519317421515e-05,Tigger13a:TcMar-Tigger:DNA,3904.4706409371,-0.0879628272173781,0.113325863116063,0.995278921297154,True,0.0555524437937849,-1.58341957995409,TcMar-Tigger,DNA,Not Significant
AluSx4,AluSx4:TE,-16.419317,-0.12882406,1.3912415915097735e-60,7.728977085550138e-59,AluSx4:Alu:SINE,4919.86502369871,-0.005538667251553,0.925644045603445,0.995278921297154,True,0.0593471008946064,-0.0933266691727551,Alu,SINE,Not Significant
AluSc5,AluSc5:TE,-13.443158,-0.1296341,3.3771104240170747e-41,1.3181695297900411e-39,AluSc5:Alu:SINE,2726.78816491782,0.0515743199725688,0.283353555947004,0.995278921297154,True,0.0480737671943247,1.07281627761964,Alu,SINE,Not Significant
AluYc3,AluYc3:TE,-3.177237,-0.13939033,0.0014868545959635,0.0102306352751112,AluYc3:Alu:SINE,281.427667562914,0.113436657376347,0.303427278447952,0.995278921297154,True,0.11022776089688,1.02911150923649,Alu,SINE,Not Significant
SVA_D,SVA_D:TE,-7.3692636,-0.14556268,1.7157278152573545e-13,2.8727687736802105e-12,SVA_D:SVA:Retroposon,4409.3485263097,0.0245825574329199,0.806445932650562,0.995278921297154,True,0.100331416446626,0.245013559097886,SVA,Retroposon,Not Significant
AluYc,AluYc:TE,-11.839446,-0.14820635,2.440588570007972e-32,7.7868247846698106e-31,AluYc:Alu:SINE,1358.22901911218,0.0210147395029896,0.765718087612768,0.995278921297154,True,0.0705238875846223,0.297980446381005,Alu,SINE,Not Significant
SVA_B,SVA_B:TE,-2.9137034,-0.15501994,0.0035716894164875,0.0228495371248476,SVA_B:SVA:Retroposon,1531.87372982531,0.0276718300343703,0.725163213510583,0.995278921297154,True,0.0787100342829985,0.351566738427244,SVA,Retroposon,Not Significant
MER1B,MER1B:TE,-4.486652,-0.1550204,7.235111228802394e-06,6.914189760942955e-05,MER1B:hAT-Charlie:DNA,4111.74538089572,0.0045245371186923,0.923034880479308,0.995278921297154,True,0.0468322568158498,0.0966115542217699,hAT-Charlie,DNA,Not Significant
MIR100HG,MIR100HG,-8.731456,-0.17577633,2.514147706486362e-18,5.1897465191241494e-17,,,,,,True,,,,,
MIRLET7BHG,MIRLET7BHG,-4.4598556,-0.19031353,8.201498210871926e-06,7.798039504199801e-05,,,,,,True,,,,,
Tigger10,Tigger10:TE,-3.450826,-0.19778214,0.0005588738976486,0.004135144016206,Tigger10:TcMar-Tigger:DNA,1078.24652871151,-0.101180218126996,0.155893798402949,0.995278921297154,True,0.0713029894409055,-1.4190178970105,TcMar-Tigger,DNA,Not Significant
AluSq10,AluSq10:TE,-8.874457,-0.20030625,7.027525864471764e-19,1.4790776600609166e-17,AluSq10:Alu:SINE,710.148053991954,-0.0050318689990441,0.940656958952132,0.995278921297154,True,0.0675925138950954,-0.0744441759756667,Alu,SINE,Not Significant
AluYj4,AluYj4:TE,-14.720037,-0.2127218,4.793953555888377e-49,2.156920271290796e-47,AluYj4:Alu:SINE,872.629291974281,0.117964041706362,0.0286348485275117,0.995278921297154,True,0.0539023358328439,2.18847736157816,Alu,SINE,Not Significant
AluYb8,AluYb8:TE,-12.005222,-0.22743551,3.335650034683964e-33,1.0873423187898755e-31,AluYb8:Alu:SINE,495.944197037497,0.121063915449304,0.117862322864221,0.995278921297154,True,0.0774160272244054,1.56380945638526,Alu,SINE,Not Significant
AluYg6,AluYg6:TE,-4.9490776,-0.24809253,7.456608424483236e-07,7.868973532227655e-06,AluYg6:Alu:SINE,150.216103620301,0.113347746417667,0.256550419153784,0.995278921297154,True,0.0999026315464364,1.1345821893088,Alu,SINE,Not Significant
MIR325HG,MIR325HG,-3.7934587,-0.38723284,0.0001485633528941,0.0011999654854165,,,,,,True,,,,,
MER41E,MER41E:TE,-2.8595266,-0.43367776,0.0042427377041647,0.0266936323421962,MER41E:ERV1:LTR,363.555295440479,-0.0703018800055173,0.273593642384723,0.995278921297154,True,0.0642129367451088,-1.09482424522302,ERV1,LTR,Not Significant
MIR181A2HG,MIR181A2HG,-2.6572585,-0.4384109,0.0078779010165633,0.0469782371136529,,,,,,True,,,,,
THEM4,THEM4,-2.9508898,-0.4689524,0.0031685996133749,0.0205021014811588,,,,,,True,,,,,
MER85,MER85:TE,-2.8064477,-0.54149544,0.0050091031012975,0.0310341347975687,MER85:PiggyBac:DNA,449.153351351009,-0.0540905492698966,0.531909620235523,0.995278921297154,True,0.0865319181397927,-0.625093612076333,PiggyBac,DNA,Not Significant
MIR181A1HG,MIR181A1HG,-21.561182,-0.6047001,4.1585199956170384e-103,4.400856284094017e-101,,,,,,True,,,,,
MER57-int,MER57-int:TE,-11.781496,-0.87008256,4.86221394671009e-32,1.5382509491407556e-30,MER57-int:ERV1:LTR,1242.35860233335,-0.0500181011579506,0.527541977359253,0.995278921297154,True,0.0791722974938708,-0.63176265867266,ERV1,LTR,Not Significant
MER31B,MER31B:TE,-18.185808,-0.9877264,6.686265655965842e-74,4.609076015826912e-72,MER31B:ERV1:LTR,2052.99438167603,0.0499523310399037,0.525479163397787,0.995278921297154,True,0.0786747285903503,0.634922190834612,ERV1,LTR,Not Significant
